Qubit,T1 (us),T2 (us),Readout assignment error,Prob meas0 prep1,Prob meas1 prep0,Readout length (ns),ID error,Single-qubit gate length (ns),RX error,Z-axis rotation (rz) error,√x (sx) error,Pauli-X error,CZ error,Gate length (ns),RZZ error,MEASURE error,Operational
0,303.05277901852827,45.45488411813929,0.00830078125,0.013671875,0.0029296875,2584,0.00034266590603892745,36,0.00034266590603892745,0,0.00034266590603892745,0.00034266590603892745,1:0.002289860918680303,1:68,1:0.002301310401090134,0.00830078125,Yes
1,223.8575151201168,161.4128827865347,0.00390625,0.00732421875,0.00048828125,2584,0.00021184947350819433,36,0.00021184947350819433,0,0.00021184947350819433,0.00021184947350819433,2:0.0010186995980591418;0:0.002289860918680303,2:68;0:68,2:0.001398934872438945;0:0.002301310401090134,0.00390625,Yes
2,265.7295194275357,362.55051852311817,0.007080078125,0.013671875,0.00048828125,2584,0.0001578137443584551,36,0.0001578137443584551,0,0.0001578137443584551,0.0001578137443584551,1:0.0010186995980591418;3:0.0018817079957370864,1:68;3:68,1:0.001398934872438945;3:0.0014314338510355296,0.007080078125,Yes
3,357.63588335778707,342.58773238034684,0.007080078125,0.00927734375,0.0048828125,2584,0.00011157903154378246,36,0.00011157903154378246,0,0.00011157903154378246,0.00011157903154378246,16:0.0029222416796288175;2:0.0018817079957370864;4:0.002593713559554095,16:68;2:68;4:80,16:0.0024165935283120554;2:0.0014314338510355296;4:0.0022461312851842496,0.007080078125,Yes
4,103.80006308496809,67.98438134057652,0.01171875,0.01806640625,0.00537109375,2584,0.00038687069587823577,36,0.00038687069587823577,0,0.00038687069587823577,0.00038687069587823577,3:0.002593713559554095;5:0.002068720035474203,3:80;5:68,3:0.0022461312851842496;5:0.003774382957023037,0.01171875,Yes
5,235.65606342023062,124.52938824284449,0.00390625,0.00390625,0.00390625,2584,0.0003658292596406531,36,0.0003658292596406531,0,0.0003658292596406531,0.0003658292596406531,6:0.0017597647543519945;4:0.002068720035474203,6:68;4:68,6:0.0036769266966101;4:0.003774382957023037,0.00390625,Yes
6,308.4735748159445,269.0019317383066,0.00634765625,0.00439453125,0.00830078125,2584,0.00018024405536617267,36,0.00018024405536617267,0,0.00018024405536617267,0.00018024405536617267,5:0.0017597647543519945;7:0.001477488117166137,5:68;7:68,5:0.0036769266966101;7:0.0018123886461344219,0.00634765625,Yes
7,335.1824804767818,113.948558377262,0.008544921875,0.01416015625,0.0029296875,2584,0.00026386542983345546,36,0.00026386542983345546,0,0.00026386542983345546,0.00026386542983345546,17:0.0017200078790162998;6:0.001477488117166137;8:0.0037276633672681525,17:68;6:68;8:80,17:0.0018393861765479969;6:0.0018123886461344219;8:0.002497409353031693,0.008544921875,Yes
8,100.39801052111245,57.100630100445855,0.009033203125,0.01708984375,0.0009765625,2584,0.00044091963403800576,36,0.00044091963403800576,0,0.00044091963403800576,0.00044091963403800576,9:0.0029581619180346908;7:0.0037276633672681525,9:68;7:80,9:0.0023930189244100453;7:0.002497409353031693,0.009033203125,Yes
9,178.42496410394097,178.9236920460331,0.146484375,0.08154296875,0.21142578125,2584,0.0003778166230086667,36,0.0003778166230086667,0,0.0003778166230086667,0.0003778166230086667,8:0.0029581619180346908;10:0.001119713041753928,8:68;10:68,8:0.0023930189244100453;10:0.0013863224252118334,0.146484375,Yes
10,296.997736297539,195.49518968759884,0.004638671875,0.00732421875,0.001953125,2584,0.00021458544137355044,36,0.00021458544137355044,0,0.00021458544137355044,0.00021458544137355044,9:0.001119713041753928;11:0.0025576209706537623,9:68;11:68,9:0.0013863224252118334;11:0.001992714994305006,0.004638671875,Yes
11,123.72481898871428,134.0133615721327,0.011474609375,0.01611328125,0.0068359375,2584,0.0009351155959962162,36,0.0009351155959962162,0,0.0009351155959962162,0.0009351155959962162,18:0.0024548110327028694;10:0.0025576209706537623;12:0.001841073909109453,18:68;10:68;12:68,18:0.0024236072019334365;10:0.001992714994305006;12:0.002179064575469042,0.011474609375,Yes
12,272.45160431683735,170.05959782221117,0.0048828125,0.005859375,0.00390625,2584,0.0002721217257839051,36,0.0002721217257839051,0,0.0002721217257839051,0.0002721217257839051,13:0.0029427187169885627;11:0.001841073909109453,13:80;11:68,13:0.0027976372167211605;11:0.002179064575469042,0.0048828125,Yes
13,130.73973296119044,113.23922381405102,0.00537109375,0.0087890625,0.001953125,2584,0.0002524877103822506,36,0.0002524877103822506,0,0.0002524877103822506,0.0002524877103822506,12:0.0029427187169885627;14:0.0015925905927079431,12:80;14:80,12:0.0027976372167211605;14:0.001792087235002987,0.00537109375,Yes
14,344.27990279618274,149.74245815140264,0.00439453125,0.00634765625,0.00244140625,2584,0.000562694115845717,36,0.000562694115845717,0,0.000562694115845717,0.000562694115845717,15:0.00196385040424929;13:0.0015925905927079431,15:68;13:80,15:0.001121772947418137;13:0.001792087235002987,0.00439453125,Yes
15,459.9269075398748,30.277995856407863,0.003662109375,0.00439453125,0.0029296875,2584,0.00028012046807744775,36,0.00028012046807744775,0,0.00028012046807744775,0.00028012046807744775,14:0.00196385040424929;19:0.0018392732399157008,14:68;19:68,14:0.001121772947418137;19:0.0011608487833318082,0.003662109375,Yes
16,150.16244358607526,107.40414048957878,0.046142578125,0.03271484375,0.0595703125,2584,0.0004375434541291074,36,0.0004375434541291074,0,0.0004375434541291074,0.0004375434541291074,23:0.005142270246785596;3:0.0029222416796288175,23:68;3:68,23:0.0026680575454099964;3:0.0024165935283120554,0.046142578125,Yes
17,252.12529315502425,8.37649863845478,0.0087890625,0.0146484375,0.0029296875,2584,0.0003690895130610658,36,0.0003690895130610658,0,0.0003690895130610658,0.0003690895130610658,7:0.0017200078790162998;27:0.0019217781258525635,7:68;27:68,7:0.0018393861765479969;27:0.0019993459403052083,0.0087890625,Yes
18,84.91153776287433,73.4087060135184,0.01220703125,0.02392578125,0.00048828125,2584,0.0003212520955736035,36,0.0003212520955736035,0,0.0003212520955736035,0.0003212520955736035,11:0.0024548110327028694;31:0.002498753506527285,11:68;31:68,11:0.0024236072019334365;31:0.004270163536363947,0.01220703125,Yes
19,162.86012668635541,58.70963351332922,0.00439453125,0.00732421875,0.00146484375,2584,0.00022850907147730672,36,0.00022850907147730672,0,0.00022850907147730672,0.00022850907147730672,35:0.001232572964628087;15:0.0018392732399157008,35:80;15:68,35:0.0016324579113472237;15:0.0011608487833318082,0.00439453125,Yes
20,138.08096033824947,167.59851263280592,0.0654296875,0.048828125,0.08203125,2584,0.0005722515302140103,36,0.0005722515302140103,0,0.0005722515302140103,0.0005722515302140103,21:0.004018082040099874,21:68,21:0.005934304358566372,0.0654296875,Yes
21,242.1720570263774,170.25053074510345,0.00390625,0.0078125,0,2584,0.0003212007785243611,36,0.0003212007785243611,0,0.0003212007785243611,0.0003212007785243611,36:0.003875796997133113;20:0.004018082040099874;22:0.002409358785155663,36:68;20:68;22:68,36:0.006291144341211946;20:0.005934304358566372;22:0.0048684906366369685,0.00390625,Yes
22,252.67922756783298,38.524399870537394,0.00830078125,0.0078125,0.0087890625,2584,0.000505951327169337,36,0.000505951327169337,0,0.000505951327169337,0.000505951327169337,23:0.0022816195916438298;21:0.002409358785155663,23:68;21:68,23:0.0019422306276058454;21:0.0048684906366369685,0.00830078125,Yes
23,239.46749569726686,170.10482799685252,0.02978515625,0.037109375,0.0224609375,2584,0.0004851896213226883,36,0.0004851896213226883,0,0.0004851896213226883,0.0004851896213226883,22:0.0022816195916438298;24:0.003686678619925221;16:0.005142270246785596,22:68;24:68;16:68,22:0.0019422306276058454;24:0.004017783527151764;16:0.0026680575454099964,0.02978515625,Yes
24,113.79000095817366,4.51586583406292,0.0478515625,0.095703125,0,2584,0.0003651380927445244,36,0.0003651380927445244,0,0.0003651380927445244,0.0003651380927445244,23:0.003686678619925221;25:0.004721835499743393,23:68;25:68,23:0.004017783527151764;25:0.004867444954677946,0.0478515625,Yes
25,157.39055281509917,51.62527249456571,0.0185546875,0.01708984375,0.02001953125,2584,0.0003589038589291252,36,0.0003589038589291252,0,0.0003589038589291252,0.0003589038589291252,24:0.004721835499743393;26:0.022234873856792486;37:0.00454666162433634,24:68;26:68;37:68,24:0.004867444954677946;26:0.015044530382406995;37:0.003389406533251066,0.0185546875,Yes
26,7.008670135958192,7.194116729387575,0.04736328125,0.06689453125,0.02783203125,2584,0.0030051389631071583,36,0.0030051389631071583,0,0.0030051389631071583,0.0030051389631071583,25:0.022234873856792486;27:0.009802619289332515,25:68;27:68,25:0.015044530382406995;27:0.013477965060231106,0.04736328125,Yes
27,157.19706098383952,174.43493141484385,0.0078125,0.009765625,0.005859375,2584,0.00021395397219837027,36,0.00021395397219837027,0,0.00021395397219837027,0.00021395397219837027,26:0.009802619289332515;28:0.0017382622067735887;17:0.0019217781258525635,26:68;28:68;17:68,26:0.013477965060231106;28:0.0017879679360993384;17:0.0019993459403052083,0.0078125,Yes
28,306.3436921735478,231.47570244837453,0.023681640625,0.0283203125,0.01904296875,2584,0.0002758432246324271,36,0.0002758432246324271,0,0.0002758432246324271,0.0002758432246324271,27:0.0017382622067735887;29:0.0027558907868227844,27:68;29:68,27:0.0017879679360993384;29:0.003004408291474442,0.023681640625,Yes
29,109.84048248709848,129.50557957950204,0.017578125,0.03271484375,0.00244140625,2584,0.0005429865322162445,36,0.0005429865322162445,0,0.0005429865322162445,0.0005429865322162445,38:0.002271082026468474;28:0.0027558907868227844;30:0.0032954264121406174,38:68;28:68;30:68,38:0.0028821069668432953;28:0.003004408291474442;30:0.003429689378632278,0.017578125,Yes
30,305.3821240554723,77.04632347054608,0.0048828125,0.00732421875,0.00244140625,2584,0.00040726166319360286,36,0.00040726166319360286,0,0.00040726166319360286,0.00040726166319360286,31:0.003607454990146891;29:0.0032954264121406174,31:68;29:68,31:0.003405623100270788;29:0.003429689378632278,0.0048828125,Yes
31,155.40285342088762,58.10957212499953,0.009521484375,0.01416015625,0.0048828125,2584,0.00031783892265429317,36,0.00031783892265429317,0,0.00031783892265429317,0.00031783892265429317,30:0.003607454990146891;32:0.00336899463295115;18:0.002498753506527285,30:68;32:68;18:68,30:0.003405623100270788;32:0.0031000849112818307;18:0.004270163536363947,0.009521484375,Yes
32,332.382450191814,53.26847088672976,0.0068359375,0.00732421875,0.00634765625,2584,0.00045948988237395395,36,0.00045948988237395395,0,0.00045948988237395395,0.00045948988237395395,31:0.00336899463295115;33:0.00544527061162231,31:68;33:68,31:0.0031000849112818307;33:0.0030490229203475605,0.0068359375,Yes
33,167.06910499784175,182.69083543490746,0.0068359375,0.01025390625,0.00341796875,2584,0.00026206405081442483,36,0.00026206405081442483,0,0.00026206405081442483,0.00026206405081442483,39:0.0020268288730750927;32:0.00544527061162231;34:0.0020866531890349205,39:68;32:68;34:68,32:0.0030490229203475605;34:0.001634510175468451,0.0068359375,Yes
34,80.04317034095247,52.319530114471284,0.031982421875,0.0625,0.00146484375,2584,0.00030914062951732283,36,0.00030914062951732283,0,0.00030914062951732283,0.00030914062951732283,33:0.0020866531890349205;35:0.0015619019015493951,33:68;35:68,33:0.001634510175468451;35:0.0014518647627514703,0.031982421875,Yes
35,440.280535788521,458.70434561183356,0.033935546875,0.041015625,0.02685546875,2584,0.00008882128662516328,36,0.00008882128662516328,0,0.00008882128662516328,0.00008882128662516328,19:0.001232572964628087;34:0.0015619019015493951,19:80;34:68,19:0.0016324579113472237;34:0.0014518647627514703,0.033935546875,Yes
36,144.04234123771877,44.77160678667966,0.012451171875,0.01806640625,0.0068359375,2584,0.002938352411470802,36,0.002938352411470802,0,0.002938352411470802,0.002938352411470802,41:0.006160116413056083;21:0.003875796997133113,41:68;21:68,41:0.008359425109142726;21:0.006291144341211946,0.012451171875,Yes
37,188.3922933992536,21.18219121602363,0.012451171875,0.0146484375,0.01025390625,2584,0.0005511872368795109,36,0.0005511872368795109,0,0.0005511872368795109,0.0005511872368795109,45:0.006485199121863433;25:0.00454666162433634,45:68;25:68,45:0.004064639431187428;25:0.003389406533251066,0.012451171875,Yes
38,126.14497585445059,34.07340172542683,0.0078125,0.01220703125,0.00341796875,2584,0.00032895002326236626,36,0.00032895002326236626,0,0.00032895002326236626,0.00032895002326236626,29:0.002271082026468474;49:0.00287781339251697,29:68;49:68,29:0.0028821069668432953;49:0.003270860440714368,0.0078125,Yes
39,170.44499101758652,212.21969119746268,0.141357421875,0.09716796875,0.185546875,2584,0.000311285422885867,36,0.000311285422885867,0,0.000311285422885867,0.000311285422885867,53:0.0023996523561847505;33:0.0020268288730750927,53:68;33:68,53:0.001816550373321374,0.141357421875,Yes
40,154.8246989554019,86.03858700362066,0.0146484375,0.021484375,0.0078125,2584,0.00019797986216075399,36,0.00019797986216075399,0,0.00019797986216075399,0.00019797986216075399,41:0.0721001276353421,41:68,41:0.17121559156816735,0.0146484375,Yes
41,229.65790319665473,39.00475919308814,0.01416015625,0.01953125,0.0087890625,2584,0.0003936909564506717,36,0.0003936909564506717,0,0.0003936909564506717,0.0003936909564506717,40:0.0721001276353421;42:0.005957373710911956;36:0.006160116413056083,40:68;42:68;36:68,40:0.17121559156816735;42:0.009089911124128852;36:0.008359425109142726,0.01416015625,Yes
42,278.02202464744494,34.63491246349006,0.012451171875,0.01806640625,0.0068359375,2584,0.0001847780564743762,36,0.0001847780564743762,0,0.0001847780564743762,0.0001847780564743762,41:0.005957373710911956;43:0.003136140105988755,41:68;43:68,41:0.009089911124128852;43:0.0033261330188677773,0.012451171875,Yes
43,273.621285880395,99.85434911207209,0.006591796875,0.009765625,0.00341796875,2584,0.0004098900773451316,36,0.0004098900773451316,0,0.0004098900773451316,0.0004098900773451316,42:0.003136140105988755;56:0.0032567492331425085;44:0.0021200076243983457,42:68;56:68;44:68,42:0.0033261330188677773;56:0.001996294822539768;44:0.0022272110974246584,0.006591796875,Yes
44,227.17408232900064,66.5605933025149,0.006103515625,0.00927734375,0.0029296875,2584,0.00024203961707978497,36,0.00024203961707978497,0,0.00024203961707978497,0.00024203961707978497,45:0.002975839649634743;43:0.0021200076243983457,45:68;43:68,45:0.002059887907799901;43:0.0022272110974246584,0.006103515625,Yes
45,117.90099342362267,112.5439470012674,0.007568359375,0.0126953125,0.00244140625,2584,0.00041456417899688526,36,0.00041456417899688526,0,0.00041456417899688526,0.00041456417899688526,44:0.002975839649634743;46:0.0038360636400465997;37:0.006485199121863433,44:68;46:68;37:68,44:0.002059887907799901;46:0.0029068077855190777;37:0.004064639431187428,0.007568359375,Yes
46,150.03248326763384,125.05193358148318,0.007080078125,0.01123046875,0.0029296875,2584,0.00042898223564257127,36,0.00042898223564257127,0,0.00042898223564257127,0.00042898223564257127,45:0.0038360636400465997;47:0.004701325538527423,45:68;47:68,45:0.0029068077855190777;47:0.0023345832810510447,0.007080078125,Yes
47,209.58851776107525,41.776935757201095,0.00634765625,0.009765625,0.0029296875,2584,0.00022120343054322632,36,0.00022120343054322632,0,0.00022120343054322632,0.00022120343054322632,48:0.009759734725523855;57:0.0016351982790741293;46:0.004701325538527423,48:68;57:68;46:68,48:0.0072996817888794086;57:0.0019466109048033864;46:0.0023345832810510447,0.00634765625,Yes
48,221.43324831444767,203.2497510380411,0.06884765625,0.05419921875,0.08349609375,2584,0.0027532694064153354,36,0.0027532694064153354,0,0.0027532694064153354,0.0027532694064153354,47:0.009759734725523855;49:0.01005214293739859,47:68;49:68,47:0.0072996817888794086;49:0.007535301838497682,0.06884765625,Yes
49,123.8412284211958,78.15901531919378,0.01318359375,0.01806640625,0.00830078125,2584,0.0005206005806048627,36,0.0005206005806048627,0,0.0005206005806048627,0.0005206005806048627,48:0.01005214293739859;50:0.002925960381710002;38:0.00287781339251697,48:68;50:68;38:68,48:0.007535301838497682;50:0.0031305324429588277;38:0.003270860440714368,0.01318359375,Yes
50,170.57060925796188,135.41170931958712,0.01220703125,0.02001953125,0.00439453125,2584,0.00032102270462407026,36,0.00032102270462407026,0,0.00032102270462407026,0.00032102270462407026,49:0.002925960381710002;51:0.0026703158172944885,49:68;51:68,49:0.0031305324429588277;51:0.001968818419951446,0.01220703125,Yes
51,205.53431664938154,268.9297362835132,0.05908203125,0.07275390625,0.04541015625,2584,0.000529815785776511,36,0.000529815785776511,0,0.000529815785776511,0.000529815785776511,50:0.0026703158172944885;52:0.001965685165631448;58:0.0015044303778755652,50:68;52:68;58:68,50:0.001968818419951446;52:0.001884769903934741,0.05908203125,Yes
52,113.91049009685248,54.452978222433785,0.0087890625,0.01416015625,0.00341796875,2584,0.00031009627156437786,36,0.00031009627156437786,0,0.00031009627156437786,0.00031009627156437786,51:0.001965685165631448;53:0.0020860734931403835,51:68;53:68,51:0.001884769903934741;53:0.002390480430153663,0.0087890625,Yes
53,258.8806340665662,232.53773105853813,0.012939453125,0.01220703125,0.013671875,2584,0.00018073573248160942,36,0.00018073573248160942,0,0.00018073573248160942,0.00018073573248160942,39:0.0023996523561847505;52:0.0020860734931403835;54:0.0015600380897558275,39:68;52:68;54:68,39:0.001816550373321374;52:0.002390480430153663;54:0.0009510532723787934,0.012939453125,Yes
54,147.73472683192458,174.7030350027201,0.00439453125,0.00244140625,0.00634765625,2584,0.00019277587104963613,36,0.00019277587104963613,0,0.00019277587104963613,0.00019277587104963613,53:0.0015600380897558275;55:0.002341173932613294,53:68;55:68,53:0.0009510532723787934;55:0.0018288407639280302,0.00439453125,Yes
55,215.6075050092358,69.08880902083776,0.0185546875,0.02734375,0.009765625,2584,0.00017094893257234482,36,0.00017094893257234482,0,0.00017094893257234482,0.00017094893257234482,59:0.0038408643362997097;54:0.002341173932613294,59:68;54:68,59:0.0033956367019611633;54:0.0018288407639280302,0.0185546875,Yes
56,250.0083372715721,15.080291726037114,0.01416015625,0.0205078125,0.0078125,2584,0.00040271601588011044,36,0.00040271601588011044,0,0.00040271601588011044,0.00040271601588011044,63:0.004658891052526454;43:0.0032567492331425085,63:68;43:68,63:0.0036617991174126285;43:0.001996294822539768,0.01416015625,Yes
57,90.65309585351827,35.66897284836896,0.007568359375,0.013671875,0.00146484375,2584,0.00032036865261161966,36,0.00032036865261161966,0,0.00032036865261161966,0.00032036865261161966,47:0.0016351982790741293;67:0.002780526850437004,47:68;67:68,47:0.0019466109048033864;67:0.003537029186226226,0.007568359375,Yes
58,186.1381762890911,204.00515378933866,0.02099609375,0.02978515625,0.01220703125,2584,0.00020455442782340674,36,0.00020455442782340674,0,0.00020455442782340674,0.00020455442782340674,71:0.0018120807651478832;51:0.0015044303778755652,71:68;51:68,71:0.0035303990278117703,0.02099609375,Yes
59,154.132403487233,121.07958571920254,0.01318359375,0.0126953125,0.013671875,2584,0.0002270082371982451,36,0.0002270082371982451,0,0.0002270082371982451,0.0002270082371982451,55:0.0038408643362997097;75:0.0015734461884482354,55:68;75:68,55:0.0033956367019611633;75:0.001537604572822232,0.01318359375,Yes
60,163.18872105121218,118.75138548320284,0.004150390625,0.00439453125,0.00390625,2584,0.0006891137993064953,36,0.0006891137993064953,0,0.0006891137993064953,0.0006891137993064953,61:0.007056942083609852,61:80,,0.004150390625,Yes
61,168.6470005416813,157.52653482494927,0.0107421875,0.01904296875,0.00244140625,2584,0.0003083488994138581,36,0.0003083488994138581,0,0.0003083488994138581,0.0003083488994138581,76:0.0019024738778075645;60:0.007056942083609852,76:68;60:80;62:68,76:0.002250267905829856,0.0107421875,Yes
62,152.03101171630345,64.60942736149752,0.00927734375,0.013671875,0.0048828125,2584,0.00039251043653825655,36,0.00039251043653825655,0,0.00039251043653825655,0.00039251043653825655,63:0.00433786280748924,61:68;63:68,63:0.0026783418735983056,0.00927734375,Yes
63,180.66036902115627,142.32293161177296,0.019775390625,0.0283203125,0.01123046875,2584,0.0002679823102035582,36,0.0002679823102035582,0,0.0002679823102035582,0.0002679823102035582,56:0.004658891052526454;62:0.00433786280748924;64:0.0031771748428124913,56:68;62:68;64:68,56:0.0036617991174126285;62:0.0026783418735983056;64:0.005737426363146836,0.019775390625,Yes
64,332.3274582469053,136.34595446921628,0.015380859375,0.01904296875,0.01171875,2584,0.0008047548090770979,36,0.0008047548090770979,0,0.0008047548090770979,0.0008047548090770979,65:0.0032364708454076796;63:0.0031771748428124913,65:68;63:68,65:0.008885228240955223;63:0.005737426363146836,0.015380859375,Yes
65,327.46527246775776,73.69694268966806,0.0205078125,0.02294921875,0.01806640625,2584,0.0003916636065536916,36,0.0003916636065536916,0,0.0003916636065536916,0.0003916636065536916,64:0.0032364708454076796;66:0.0039747407964990655;77:0.002655536489882593,64:68;66:68;77:68,64:0.008885228240955223;66:0.0028565215971464164;77:0.0019877173176459095,0.0205078125,Yes
66,128.62442578020756,29.32141649018371,0.008544921875,0.015625,0.00146484375,2584,0.0005331765411749931,36,0.0005331765411749931,0,0.0005331765411749931,0.0005331765411749931,65:0.0039747407964990655;67:0.003880265530488869,65:68;67:68,65:0.0028565215971464164;67:0.002043097613474265,0.008544921875,Yes
67,210.39685959149966,84.58750681069803,0.017333984375,0.02880859375,0.005859375,2584,0.0001668251922945386,36,0.0001668251922945386,0,0.0001668251922945386,0.0001668251922945386,68:0.0037860968300243714;57:0.002780526850437004;66:0.003880265530488869,68:68;57:68;66:68,68:0.007858078112372574;57:0.003537029186226226;66:0.002043097613474265,0.017333984375,Yes
68,104.01770911948012,22.5390284922667,0.0908203125,0.06591796875,0.11572265625,2584,0.0007370753171238351,36,0.0007370753171238351,0,0.0007370753171238351,0.0007370753171238351,67:0.0037860968300243714;69:0.0036313849496764916,67:68;69:68,67:0.007858078112372574;69:0.002370850253762019,0.0908203125,Yes
69,157.74121003616997,43.01583552438162,0.023681640625,0.02734375,0.02001953125,2584,0.00018463779793504372,36,0.00018463779793504372,0,0.00018463779793504372,0.00018463779793504372,78:0.00196374869386301;68:0.0036313849496764916;70:0.001704544861978824,78:68;68:68;70:80,78:0.0025061531935246795;68:0.002370850253762019;70:0.00197602779775935,0.023681640625,Yes
70,166.76934009755703,24.96556118710987,0.0126953125,0.02099609375,0.00439453125,2584,0.00021929138740957977,36,0.00021929138740957977,0,0.00021929138740957977,0.00021929138740957977,69:0.001704544861978824;71:0.0021060562732714005,69:80;71:68,69:0.00197602779775935;71:0.0018130718836344983,0.0126953125,Yes
71,151.95395078847352,136.34952225619188,0.010009765625,0.01953125,0.00048828125,2584,0.00026698808728296033,36,0.00026698808728296033,0,0.00026698808728296033,0.00026698808728296033,72:0.003555073713448653;58:0.0018120807651478832;70:0.0021060562732714005,72:68;58:68;70:68,72:0.004313687336331529;58:0.0035303990278117703;70:0.0018130718836344983,0.010009765625,Yes
72,142.19443057554665,56.9515637918174,0.010986328125,0.0205078125,0.00146484375,2584,0.0008163661905131926,36,0.0008163661905131926,0,0.0008163661905131926,0.0008163661905131926,73:0.0034766140597771167;71:0.003555073713448653,73:68;71:68,73:0.0050199142951390385;71:0.004313687336331529,0.010986328125,Yes
73,210.43941781656247,155.0094147134142,0.020263671875,0.02685546875,0.013671875,2584,0.00027602367173558585,36,0.00027602367173558585,0,0.00027602367173558585,0.00027602367173558585,72:0.0034766140597771167;74:0.003145263143328497;79:0.0028972908248302287,72:68;74:68;79:68,72:0.0050199142951390385;74:0.0028771620302197876;79:0.0024937119867157465,0.020263671875,Yes
74,108.0553350811726,10.180363485344975,0.031982421875,0.04296875,0.02099609375,2584,0.0002788048432562535,36,0.0002788048432562535,0,0.0002788048432562535,0.0002788048432562535,73:0.003145263143328497;75:0.002558629771858084,73:68;75:68,73:0.0028771620302197876;75:0.0019172562049649122,0.031982421875,Yes
75,328.74909773180093,13.151144728717943,0.008056640625,0.01123046875,0.0048828125,2584,0.0003397103186969194,36,0.0003397103186969194,0,0.0003397103186969194,0.0003397103186969194,59:0.0015734461884482354;74:0.002558629771858084,59:68;74:68,59:0.001537604572822232;74:0.0019172562049649122,0.008056640625,Yes
76,103.75509862642856,34.43581079668895,0.0126953125,0.01220703125,0.01318359375,2584,0.000396193287954544,36,0.000396193287954544,0,0.000396193287954544,0.000396193287954544,81:0.004669199858939377;61:0.0019024738778075645,81:68;61:68,81:0.003141048327340107;61:0.002250267905829856,0.0126953125,Yes
77,253.79109393622323,115.24845023522944,0.0068359375,0.009765625,0.00390625,2584,0.0003360290040840686,36,0.0003360290040840686,0,0.0003360290040840686,0.0003360290040840686,85:0.004400006973075382;65:0.002655536489882593,85:68;65:68,85:0.0039969295468429145;65:0.0019877173176459095,0.0068359375,Yes
78,145.7497618760053,50.998654779597814,0.008544921875,0.009765625,0.00732421875,2584,0.000261178351310854,36,0.000261178351310854,0,0.000261178351310854,0.000261178351310854,69:0.00196374869386301;89:0.0012818348253403056,69:68;89:68,69:0.0025061531935246795;89:0.0020401602955717746,0.008544921875,Yes
79,138.44457460082452,36.601646632213374,0.09716796875,0.1025390625,0.091796875,2584,0.00031135793520283255,36,0.00031135793520283255,0,0.00031135793520283255,0.00031135793520283255,93:0.0032586020972097673;73:0.0028972908248302287,93:68;73:68,93:0.002568194383049227;73:0.0024937119867157465,0.09716796875,Yes
80,209.68979625621415,49.47953126647249,0.007568359375,0.01318359375,0.001953125,2584,0.00031489860807734437,36,0.00031489860807734437,0,0.00031489860807734437,0.00031489860807734437,81:0.008923685773252338,81:68,81:0.003933162389361311,0.007568359375,Yes
81,152.1696722123161,168.13187106392064,0.042724609375,0.03271484375,0.052734375,2584,0.0004314651308433359,36,0.0004314651308433359,0,0.0004314651308433359,0.0004314651308433359,80:0.008923685773252338;76:0.004669199858939377,80:68;82:68;76:68,80:0.003933162389361311;82:0.19270810687735135;76:0.003141048327340107,0.042724609375,Yes
82,5.958590107971817,6.440762177221647,0.509033203125,0.24658203125,0.771484375,2584,,36,,0,,,,81:68;83:68,81:0.19270810687735135,0.509033203125,Yes
83,226.09665399605208,260.7106442765752,0.11083984375,0.11572265625,0.10595703125,2584,0.00039056601754001367,36,0.00039056601754001367,0,0.00039056601754001367,0.00039056601754001367,96:0.007070665425893574;84:0.004271448534812844,96:68;82:68;84:68,96:0.00507937457495497;84:0.004562571631250345,0.11083984375,Yes
84,188.03048058572801,195.19181974109725,0.012939453125,0.01806640625,0.0078125,2584,0.0004874275753875973,36,0.0004874275753875973,0,0.0004874275753875973,0.0004874275753875973,83:0.004271448534812844;85:0.0030250091390153777,83:68;85:68,83:0.004562571631250345;85:0.002839598241970692,0.012939453125,Yes
85,137.4380074450588,99.65762314262595,0.0849609375,0.05078125,0.119140625,2584,0.00027586751491225347,36,0.00027586751491225347,0,0.00027586751491225347,0.00027586751491225347,77:0.004400006973075382;86:0.0026651349971392735;84:0.0030250091390153777,77:68;86:68;84:68,77:0.0039969295468429145;86:0.014719639497480924;84:0.002839598241970692,0.0849609375,Yes
86,292.9164949624875,42.2713669434671,0.03125,0.04541015625,0.01708984375,2584,0.00033078591712728145,36,0.00033078591712728145,0,0.00033078591712728145,0.00033078591712728145,85:0.0026651349971392735;87:0.0022597958262015327,85:68;87:68,85:0.014719639497480924;87:0.013552495543716764,0.03125,Yes
87,165.72611695190992,119.61518145551344,0.010009765625,0.01416015625,0.005859375,2584,0.00048332912913412316,36,0.00048332912913412316,0,0.00048332912913412316,0.00048332912913412316,86:0.0022597958262015327;88:0.0019196112207477134;97:0.0013159310377989786,86:68;88:68;97:68,86:0.013552495543716764;88:0.0018867449816564463;97:0.0017912593100491425,0.010009765625,Yes
88,118.7069142888924,80.75701075569319,0.02294921875,0.02099609375,0.02490234375,2584,0.0003919046191963566,36,0.0003919046191963566,0,0.0003919046191963566,0.0003919046191963566,87:0.0019196112207477134;89:0.0009296212373910706,87:68;89:68,87:0.0018867449816564463;89:0.0012401841188637852,0.02294921875,Yes
89,261.7084633829774,270.23881500326223,0.018310546875,0.01416015625,0.0224609375,2584,0.00030319542179740964,36,0.00030319542179740964,0,0.00030319542179740964,0.00030319542179740964,90:0.0026356163652221376;88:0.0009296212373910706;78:0.0012818348253403056,90:68;88:68;78:68,90:0.004170933165559915;88:0.0012401841188637852;78:0.0020401602955717746,0.018310546875,Yes
90,64.36221941194896,88.29688336563949,0.021240234375,0.03271484375,0.009765625,2584,0.001219204381902772,36,0.001219204381902772,0,0.001219204381902772,0.001219204381902772,89:0.0026356163652221376;91:0.0034952738825729524,89:68;91:80,89:0.004170933165559915;91:0.003057683578929188,0.021240234375,Yes
91,112.7439057807851,152.76718211282952,0.012939453125,0.01806640625,0.0078125,2584,0.0003077431002534873,36,0.0003077431002534873,0,0.0003077431002534873,0.0003077431002534873,98:0.0016218221276077527;90:0.0034952738825729524;92:0.0019409927441197128,98:68;90:80;92:68,98:0.0010250766154163982;90:0.003057683578929188;92:0.0017427518332990555,0.012939453125,Yes
92,272.7198067773611,282.296128945971,0.00830078125,0.0126953125,0.00390625,2584,0.0003770300171456806,36,0.0003770300171456806,0,0.0003770300171456806,0.0003770300171456806,91:0.0019409927441197128;93:0.003008999537356588,91:68;93:68,91:0.0017427518332990555;93:0.0025432469082329323,0.00830078125,Yes
93,275.58689763744354,231.35025362698852,0.005859375,0.00830078125,0.00341796875,2584,0.0002851101177653704,36,0.0002851101177653704,0,0.0002851101177653704,0.0002851101177653704,94:0.0015358485082676288;79:0.0032586020972097673;92:0.003008999537356588,94:68;79:68;92:68,94:0.001859192402091231;79:0.002568194383049227;92:0.0025432469082329323,0.005859375,Yes
94,392.6910878826573,398.3457908552286,0.008056640625,0.01123046875,0.0048828125,2584,0.0002183132049791979,36,0.0002183132049791979,0,0.0002183132049791979,0.0002183132049791979,93:0.0015358485082676288;95:0.012605976893255932,93:68;95:68,93:0.001859192402091231;95:0.006827936801875184,0.008056640625,Yes
95,339.03120262158075,496.6001482903177,0.013427734375,0.0185546875,0.00830078125,2584,0.0011470107008016226,36,0.0011470107008016226,0,0.0011470107008016226,0.0011470107008016226,99:0.003736696339130152;94:0.012605976893255932,99:68;94:68,99:0.0024672859172120976;94:0.006827936801875184,0.013427734375,Yes
96,144.5290926244142,34.43617329698035,0.043212890625,0.033203125,0.05322265625,2584,0.00044674096600829484,36,0.00044674096600829484,0,0.00044674096600829484,0.00044674096600829484,83:0.007070665425893574;103:0.0035724979906896215,83:68;103:68,83:0.00507937457495497;103:0.002708169749604944,0.043212890625,Yes
97,272.69224855832795,102.07445147161883,0.0166015625,0.015625,0.017578125,2584,0.00024452077089161207,36,0.00024452077089161207,0,0.00024452077089161207,0.00024452077089161207,87:0.0013159310377989786;107:0.001218002927585643,87:68;107:68,87:0.0017912593100491425;107:0.00102073592231669,0.0166015625,Yes
98,265.69598121042475,59.703127179564234,0.00439453125,0.00634765625,0.00244140625,2584,0.00021143083115723318,36,0.00021143083115723318,0,0.00021143083115723318,0.00021143083115723318,91:0.0016218221276077527;111:0.0014078963065423944,91:68;111:68,91:0.0010250766154163982;111:0.0013890300572774739,0.00439453125,Yes
99,157.5813738003235,40.82779730649662,0.01318359375,0.0185546875,0.0078125,2584,0.0002502771178306636,36,0.0002502771178306636,0,0.0002502771178306636,0.0002502771178306636,115:0.0033589808032372936;95:0.003736696339130152,115:68;95:68,115:0.002941915983298793;95:0.0024672859172120976,0.01318359375,Yes
100,84.97363715348818,59.4164948493374,0.009033203125,0.0166015625,0.00146484375,2584,0.0008252134909089338,36,0.0008252134909089338,0,0.0008252134909089338,0.0008252134909089338,101:0.0032098044698878614,101:68,101:0.0025275208694206797,0.009033203125,Yes
101,150.57500026365716,72.95818450268794,0.0078125,0.01318359375,0.00244140625,2584,0.00018385091902797728,36,0.00018385091902797728,0,0.00018385091902797728,0.00018385091902797728,100:0.0032098044698878614;116:0.0036717017649032235;102:0.00455695912012874,100:68;116:68;102:68,100:0.0025275208694206797;116:0.0033022026255022097;102:0.006662026681993477,0.0078125,Yes
102,83.96956757980247,42.51536246997567,0.011474609375,0.02197265625,0.0009765625,2584,0.00046418058262305176,36,0.00046418058262305176,0,0.00046418058262305176,0.00046418058262305176,101:0.00455695912012874;103:0.0037107414777123038,101:68;103:68,101:0.006662026681993477;103:0.0056605315109449494,0.011474609375,Yes
103,98.98278582882922,31.020127251777954,0.00830078125,0.01416015625,0.00244140625,2584,0.0003449312001393196,36,0.0003449312001393196,0,0.0003449312001393196,0.0003449312001393196,104:0.0025020543890287017;96:0.0035724979906896215;102:0.0037107414777123038,104:68;96:68;102:68,104:0.007391504831643747;96:0.002708169749604944;102:0.0056605315109449494,0.00830078125,Yes
104,314.5442789059324,153.2338164605662,0.014892578125,0.0126953125,0.01708984375,2584,0.00020009932381909418,36,0.00020009932381909418,0,0.00020009932381909418,0.00020009932381909418,103:0.0025020543890287017;105:0.001994361900579944,103:68;105:68,103:0.007391504831643747;105:0.001484411397959462,0.014892578125,Yes
105,131.20297604606267,124.61036618917315,0.006591796875,0.009765625,0.00341796875,2584,0.0004290168734949532,36,0.0004290168734949532,0,0.0004290168734949532,0.0004290168734949532,104:0.001994361900579944;106:0.0021979507884566374;117:0.005248448863468286,104:68;106:68;117:68,104:0.001484411397959462;106:0.002748330812501143;117:0.003511746017023726,0.006591796875,Yes
106,268.8555628198699,177.73433600869666,0.02783203125,0.02880859375,0.02685546875,2584,0.00024011635244668684,36,0.00024011635244668684,0,0.00024011635244668684,0.00024011635244668684,107:0.0020597753216458348;105:0.0021979507884566374,107:68;105:68,107:0.0014252077647604888;105:0.002748330812501143,0.02783203125,Yes
107,258.13220656965643,211.38570032436897,0.006103515625,0.0078125,0.00439453125,2584,0.00018442842442808118,36,0.00018442842442808118,0,0.00018442842442808118,0.00018442842442808118,106:0.0020597753216458348;108:0.002741609617562951;97:0.001218002927585643,106:68;108:68;97:68,106:0.0014252077647604888;108:0.002330659011743369;97:0.00102073592231669,0.006103515625,Yes
108,52.10426244087669,59.59579723658787,0.013427734375,0.0263671875,0.00048828125,2584,0.0009261121661297723,36,0.0009261121661297723,0,0.0009261121661297723,0.0009261121661297723,107:0.002741609617562951;109:0.0033264384571798367,107:68;109:68,107:0.002330659011743369;109:0.002588463549360681,0.013427734375,Yes
109,141.99109438500335,89.69318390146215,0.01025390625,0.015625,0.0048828125,2584,0.00025576059310862206,36,0.00025576059310862206,0,0.00025576059310862206,0.00025576059310862206,108:0.0033264384571798367;110:0.0014431832551679014;118:0.002566796840822949,108:68;110:68;118:68,108:0.002588463549360681;110:0.0016756886743509447;118:0.008079534100349284,0.01025390625,Yes
110,257.4885886236749,208.44524744502982,0.007080078125,0.0087890625,0.00537109375,2584,0.00023373259420094084,36,0.00023373259420094084,0,0.00023373259420094084,0.00023373259420094084,109:0.0014431832551679014;111:0.0016850529203866205,109:68;111:68,109:0.0016756886743509447;111:0.00136203358107162,0.007080078125,Yes
111,214.05750973503493,67.46685672901987,0.008544921875,0.015625,0.00146484375,2584,0.00019070505087858886,36,0.00019070505087858886,0,0.00019070505087858886,0.00019070505087858886,112:0.0015893277004784545;110:0.0016850529203866205;98:0.0014078963065423944,112:68;110:68;98:68,112:0.0013922207619376237;110:0.00136203358107162;98:0.0013890300572774739,0.008544921875,Yes
112,258.33336653366337,215.1284571308111,0.006591796875,0.0087890625,0.00439453125,2584,0.0005934661146582456,36,0.0005934661146582456,0,0.0005934661146582456,0.0005934661146582456,111:0.0015893277004784545,111:68;113:68,111:0.0013922207619376237,0.006591796875,Yes
113,168.0961751818024,89.48945599617846,0.38427734375,0.47607421875,0.29248046875,2584,,36,,0,,,,119:68;112:68;114:68,,0.38427734375,Yes
114,268.2390469128505,196.8641714016386,0.007568359375,0.00830078125,0.0068359375,2584,0.001057409300537621,36,0.001057409300537621,0,0.001057409300537621,0.001057409300537621,115:0.005479678762093404,115:68;113:68,,0.007568359375,Yes
115,129.48417717629218,69.51111908204868,0.0078125,0.01171875,0.00390625,2584,0.00020323318467951415,36,0.00020323318467951415,0,0.00020323318467951415,0.00020323318467951415,99:0.0033589808032372936;114:0.005479678762093404,99:68;114:68,99:0.002941915983298793,0.0078125,Yes
116,65.05637805548015,77.10160114400588,0.01171875,0.02099609375,0.00244140625,2584,0.0005908486037141682,36,0.0005908486037141682,0,0.0005908486037141682,0.0005908486037141682,101:0.0036717017649032235;121:0.004102715327324702,101:68;121:68,101:0.0033022026255022097;121:0.0030166428039082593,0.01171875,Yes
117,200.05227155977357,16.261739091572885,0.01318359375,0.021484375,0.0048828125,2584,0.0005067409135871245,36,0.0005067409135871245,0,0.0005067409135871245,0.0005067409135871245,105:0.005248448863468286;125:0.004239565418938412,105:68;125:68,105:0.003511746017023726;125:0.0028219775843145445,0.01318359375,Yes
118,156.6444634919737,48.99277382440243,0.008056640625,0.015625,0.00048828125,2584,0.0003591286702728308,36,0.0003591286702728308,0,0.0003591286702728308,0.0003591286702728308,109:0.002566796840822949;129:0.001291614448988454,109:68;129:68,109:0.008079534100349284;129:0.0897493550237965,0.008056640625,Yes
119,169.18267344588847,75.6274732378708,0.2060546875,0.3857421875,0.0263671875,2584,,36,,0,,,,113:68;133:68,,0.2060546875,Yes
120,31.068758094722888,30.56901756417263,0.013671875,0.015625,0.01171875,2584,0.0004942114198864957,36,0.0004942114198864957,0,0.0004942114198864957,0.0004942114198864957,121:0.0016752222466835387,121:68,121:0.0018155744557235565,0.013671875,Yes
121,109.611038620409,111.22833709463792,0.0517578125,0.04296875,0.060546875,2584,0.00045379438245883797,36,0.00045379438245883797,0,0.00045379438245883797,0.00045379438245883797,120:0.0016752222466835387;122:0.003328014885724373;116:0.004102715327324702,120:68;122:80;116:68,120:0.0018155744557235565;122:0.0033116702254554764;116:0.0030166428039082593,0.0517578125,Yes
122,281.5583652534221,22.134651393138775,0.009765625,0.01171875,0.0078125,2584,0.00029384457185773036,36,0.00029384457185773036,0,0.00029384457185773036,0.00029384457185773036,121:0.003328014885724373;123:0.0026606249333873955,121:80;123:68,121:0.0033116702254554764;123:0.003207497763562994,0.009765625,Yes
123,177.83367692815577,93.89494706180035,0.012451171875,0.02392578125,0.0009765625,2584,0.00023443159216920962,36,0.00023443159216920962,0,0.00023443159216920962,0.00023443159216920962,136:0.0032362743718568343;124:0.002549405136052618;122:0.0026606249333873955,136:68;124:68;122:68,136:0.0032182205912963946;124:0.0027970453393579564;122:0.003207497763562994,0.012451171875,Yes
124,114.4378173319756,116.87058497549263,0.008544921875,0.0107421875,0.00634765625,2584,0.000545875292746314,36,0.000545875292746314,0,0.000545875292746314,0.000545875292746314,123:0.002549405136052618;125:0.002528145926530667,123:68;125:68,123:0.0027970453393579564;125:0.0022604316110785283,0.008544921875,Yes
125,141.51462927366677,83.92459577627777,0.007080078125,0.0107421875,0.00341796875,2584,0.0004835856001722349,36,0.0004835856001722349,0,0.0004835856001722349,0.0004835856001722349,117:0.004239565418938412;124:0.002528145926530667;126:0.0032471396292517163,117:68;124:68;126:68,117:0.0028219775843145445;124:0.0022604316110785283;126:0.002983596388644677,0.007080078125,Yes
126,160.1909137986274,29.81581899628221,0.009033203125,0.01611328125,0.001953125,2584,0.0011419054416949874,36,0.0011419054416949874,0,0.0011419054416949874,0.0011419054416949874,127:0.0028237747169997107;125:0.0032471396292517163,127:68;125:68,127:0.0034847077269097027;125:0.002983596388644677,0.009033203125,Yes
127,244.32535677792995,17.417963329333475,0.027099609375,0.0341796875,0.02001953125,2584,0.00031706371381652187,36,0.00031706371381652187,0,0.00031706371381652187,0.00031706371381652187,126:0.0028237747169997107;128:0.001813144826758789;137:0.008389319399202372,126:68;128:68;137:68,126:0.0034847077269097027;128:0.0023511822370470836;137:0.003356182239663247,0.027099609375,Yes
128,292.66634513877773,351.5614837097567,0.004150390625,0.0068359375,0.00146484375,2584,0.0002297322783366501,36,0.0002297322783366501,0,0.0002297322783366501,0.0002297322783366501,127:0.001813144826758789;129:0.002225971663027043,127:68;129:68,127:0.0023511822370470836;129:0.0021567594497086395,0.004150390625,Yes
129,252.13602349536404,206.10556877004137,0.00732421875,0.0107421875,0.00390625,2584,0.00020070806783408068,36,0.00020070806783408068,0,0.00020070806783408068,0.00020070806783408068,128:0.002225971663027043;118:0.001291614448988454,130:68;128:68;118:68,128:0.0021567594497086395;118:0.0897493550237965,0.00732421875,Yes
130,322.9729925580698,16.288825214895343,0.50390625,0.4921875,0.515625,2584,,36,,0,,,,129:68;131:68,,0.50390625,Yes
131,282.21525344298556,197.35479745654595,0.263671875,0.4619140625,0.0654296875,2584,0.00019070904589123572,36,0.00019070904589123572,0,0.00019070904589123572,0.00019070904589123572,138:0.0023739877003358945;132:0.0020823027237300007,138:68;130:68;132:68,138:0.0025146062720438345;132:0.002140491905440328,0.263671875,Yes
132,319.78516330340284,102.24120971610212,0.004638671875,0.00439453125,0.0048828125,2584,0.000268057546175462,36,0.000268057546175462,0,0.000268057546175462,0.000268057546175462,133:0.002093373551049632;131:0.0020823027237300007,133:68;131:68,133:0.00140796613022523;131:0.002140491905440328,0.004638671875,Yes
133,371.3627033541564,228.3403490164177,0.005859375,0.01025390625,0.00146484375,2584,0.00026086401841580385,36,0.00026086401841580385,0,0.00026086401841580385,0.00026086401841580385,132:0.002093373551049632;134:0.003733832314258889,132:68;134:80;119:68,132:0.00140796613022523;134:0.004087820999006425,0.005859375,Yes
134,378.07793975848296,130.71284798445498,0.003173828125,0.0048828125,0.00146484375,2584,0.00013336034237215806,36,0.00013336034237215806,0,0.00013336034237215806,0.00013336034237215806,133:0.003733832314258889;135:0.0018549639437738241,133:80;135:68,133:0.004087820999006425;135:0.0017972409141644163,0.003173828125,Yes
135,191.34704874840483,64.65505974947092,0.027099609375,0.02099609375,0.033203125,2584,0.00011915275254252129,36,0.00011915275254252129,0,0.00011915275254252129,0.00011915275254252129,134:0.0018549639437738241;139:0.0022459984871421035,134:68;139:68,134:0.0017972409141644163;139:0.0013507209197199388,0.027099609375,Yes
136,173.11165454755388,107.1299029093134,0.0087890625,0.0107421875,0.0068359375,2584,0.0005515708068750505,36,0.0005515708068750505,0,0.0005515708068750505,0.0005515708068750505,123:0.0032362743718568343;143:0.0026421992089507573,123:68;143:68,123:0.0032182205912963946;143:0.0023225585080052513,0.0087890625,Yes
137,176.5027726655314,82.48228765595238,0.013916015625,0.025390625,0.00244140625,2584,0.0005936112241353822,36,0.0005936112241353822,0,0.0005936112241353822,0.0005936112241353822,147:0.002493777686569054;127:0.008389319399202372,147:68;127:68,147:0.002379353290399816;127:0.003356182239663247,0.013916015625,Yes
138,247.91069154841352,198.37362816050126,0.010009765625,0.0078125,0.01220703125,2584,0.00046061788531909155,36,0.00046061788531909155,0,0.00046061788531909155,0.00046061788531909155,151:0.0028996536039640752;131:0.0023739877003358945,151:68;131:68,151:0.003501191926709446;131:0.0025146062720438345,0.010009765625,Yes
139,177.52877626660808,251.70204310442816,0.0068359375,0.01171875,0.001953125,2584,0.00019540221648155437,36,0.00019540221648155437,0,0.00019540221648155437,0.00019540221648155437,155:0.002890282816164269;135:0.0022459984871421035,155:80;135:68,155:0.00209832811838645;135:0.0013507209197199388,0.0068359375,Yes
140,225.7768613686785,59.982715024218265,0.008544921875,0.0146484375,0.00244140625,2584,0.0004347582163888009,36,0.0004347582163888009,0,0.0004347582163888009,0.0004347582163888009,141:0.0033094822754121678,141:68,141:0.0036416026950923386,0.008544921875,Yes
141,233.06322656544074,194.38959603955655,0.00732421875,0.00634765625,0.00830078125,2584,0.0006743922215302579,36,0.0006743922215302579,0,0.0006743922215302579,0.0006743922215302579,140:0.0033094822754121678;142:0.0014341580406163623,140:68;142:68,140:0.0036416026950923386;142:0.0012241474653116036,0.00732421875,Yes
142,180.52946467333499,143.55072533144073,0.010986328125,0.01953125,0.00244140625,2584,0.0003872843904283542,36,0.0003872843904283542,0,0.0003872843904283542,0.0003872843904283542,143:0.002041921191998697;141:0.0014341580406163623,143:68;141:68,143:0.002877410171844952;141:0.0012241474653116036,0.010986328125,Yes
143,112.80478988235318,52.054462091660945,0.019775390625,0.021484375,0.01806640625,2584,0.0003669174207424713,36,0.0003669174207424713,0,0.0003669174207424713,0.0003669174207424713,142:0.002041921191998697;144:0.003266737809419773;136:0.0026421992089507573,142:68;144:68;136:68,142:0.002877410171844952;144:0.003701253637248353;136:0.0023225585080052513,0.019775390625,Yes
144,119.06140316237213,52.741053866155625,0.0078125,0.0146484375,0.0009765625,2584,0.0008729216048089308,36,0.0008729216048089308,0,0.0008729216048089308,0.0008729216048089308,145:0.004262793421939026;143:0.003266737809419773,145:68;143:68,145:0.003336314291686432;143:0.003701253637248353,0.0078125,Yes
145,154.87001133194082,154.50626795224412,0.01318359375,0.01611328125,0.01025390625,2584,0.00023327393805238782,36,0.00023327393805238782,0,0.00023327393805238782,0.00023327393805238782,144:0.004262793421939026;146:0.0028016366146854654,144:68;146:68,144:0.003336314291686432;146:0.0015912295353872619,0.01318359375,Yes
146,158.9849353860154,64.5676209481346,0.007080078125,0.00927734375,0.0048828125,2584,0.0003256509061622334,36,0.0003256509061622334,0,0.0003256509061622334,0.0003256509061622334,145:0.0028016366146854654;147:0.002945739831054478,145:68;147:68,145:0.0015912295353872619;147:0.0018118843415543262,0.007080078125,Yes
147,248.71316962392353,105.18076079130415,0.005859375,0.0068359375,0.0048828125,2584,0.0002736357548146126,36,0.0002736357548146126,0,0.0002736357548146126,0.0002736357548146126,148:0.0025930020238519036;137:0.002493777686569054;146:0.002945739831054478,148:68;137:68;146:68,148:0.0014136204105576755;137:0.002379353290399816;146:0.0018118843415543262,0.005859375,Yes
148,329.1237947552493,195.287211349058,0.00830078125,0.0107421875,0.005859375,2584,0.00034859544016387415,36,0.00034859544016387415,0,0.00034859544016387415,0.00034859544016387415,147:0.0025930020238519036;149:0.0015474707530122311,147:68;149:68,147:0.0014136204105576755;149:0.001935774982888383,0.00830078125,Yes
149,156.47560832420555,118.29934887240391,0.00927734375,0.0146484375,0.00390625,2584,0.0003009716197207352,36,0.0003009716197207352,0,0.0003009716197207352,0.0003009716197207352,150:0.005733310771272204;148:0.0015474707530122311,150:68;148:68,150:0.0025325400454117575;148:0.001935774982888383,0.00927734375,Yes
150,142.88446846268334,128.3780167292579,0.026611328125,0.0283203125,0.02490234375,2584,0.0003355554157268694,36,0.0003355554157268694,0,0.0003355554157268694,0.0003355554157268694,149:0.005733310771272204;151:0.0044843663741289674,149:68;151:68,149:0.0025325400454117575;151:0.003934428532528955,0.026611328125,Yes
151,264.80439413695825,76.14460599292538,0.00634765625,0.0087890625,0.00390625,2584,0.00024576382486316114,36,0.00024576382486316114,0,0.00024576382486316114,0.00024576382486316114,138:0.0028996536039640752;152:0.031043807549786556;150:0.0044843663741289674,138:68;152:68;150:68,138:0.003501191926709446;152:0.029414755640913226;150:0.003934428532528955,0.00634765625,Yes
152,336.09756000559463,220.40586083548072,0.023681640625,0.0205078125,0.02685546875,2584,0.0003330924335860883,36,0.0003330924335860883,0,0.0003330924335860883,0.0003330924335860883,151:0.031043807549786556;153:0.002154277446951569,151:68;153:68,151:0.029414755640913226;153:0.0023349263606405324,0.023681640625,Yes
153,288.412417279915,244.59107357585418,0.004638671875,0.00537109375,0.00390625,2584,0.0002982029210296347,36,0.0002982029210296347,0,0.0002982029210296347,0.0002982029210296347,152:0.002154277446951569;154:0.0018906840950247694,152:68;154:68,152:0.0023349263606405324;154:0.0015983647436165205,0.004638671875,Yes
154,294.1579571147808,18.9817063176915,0.004638671875,0.005859375,0.00341796875,2584,0.00039066726418665745,36,0.00039066726418665745,0,0.00039066726418665745,0.00039066726418665745,153:0.0018906840950247694;155:0.0018672339261621151,153:68;155:68,153:0.0015983647436165205;155:0.0014075599552326734,0.004638671875,Yes
155,314.5904679816137,137.17501470684013,0.00439453125,0.0029296875,0.005859375,2584,0.00027147925829876707,36,0.00027147925829876707,0,0.00027147925829876707,0.00027147925829876707,139:0.002890282816164269;154:0.0018672339261621151,139:80;154:68,139:0.00209832811838645;154:0.0014075599552326734,0.00439453125,Yes