Phi,Psi
-40.3173000,-49.6096000,nan
-60.0290000,-36.6824000,nan
-71.8558000,-8.7017900,nan
-105.7450000,-3.8593400,nan
-94.6181000,-6.4910900,nan
-65.7859000,95.7336000,nan
-62.2925000,-11.0967000,nan
-122.1920000,0.2133190,nan
-108.2300000,-34.6709000,nan
-93.9334000,104.0810000,nan
-175.0690000,-178.0840000,nan
-36.9497000,-26.3126000,nan
-48.7906000,-39.0366000,nan
-81.4453000,94.0612000,nan
-139.6660000,37.4361000,nan
-170.2570000,-32.0967000,nan
-61.7571000,-30.1250000,nan
-80.3408000,45.4501000,nan
-176.7010000,-36.6597000,nan
-53.5799000,-56.8958000,nan
-73.6025000,55.8181000,nan
177.2670000,-26.3683000,nan
-57.4909000,-37.3395000,nan
-70.1387000,1.8864400,nan
-106.0100000,14.9203000,nan
-45.9473000,-30.3216000,nan
78.7143000,145.9710000,nan
81.9395000,-67.5428000,nan
-64.5051000,20.9355000,nan
-152.8800000,17.4961000,nan
-63.4723000,-48.0186000,nan
-82.1682000,42.4219000,nan
-163.3310000,-31.7115000,nan
-94.5151000,-34.0844000,nan
-123.8550000,-52.3072000,nan
-68.1310000,119.8550000,nan
77.4255000,20.5698000,nan
-148.7760000,-53.4727000,nan
-106.0050000,143.4140000,nan
-130.0090000,-98.2502000,nan
-85.0234000,-18.8394000,nan
-94.8628000,-43.1964000,nan
-60.4532000,-16.1345000,nan
-92.6157000,5.5676900,nan
-155.0900000,-25.8854000,nan
-76.8728000,126.9270000,nan
-69.4706000,-2.0747800,nan
-81.8794000,-26.4844000,nan
-111.9260000,-43.8005000,nan
-113.1850000,153.5380000,nan
-129.7210000,151.5060000,nan
-63.0250000,139.9320000,nan
-171.5410000,-83.3432000,nan
-157.6380000,140.2720000,nan
-93.1082000,55.5104000,nan
-48.1930000,-32.4391000,nan
-82.9223000,-29.6926000,nan
-54.3671000,-26.0094000,nan
-82.8371000,-36.5761000,nan
-67.8402000,-40.5032000,nan
-78.6030000,-41.1163000,nan
-59.0450000,-52.6025000,nan
-49.8352000,-50.6925000,nan
-64.3573000,-15.8931000,nan
-79.5024000,4.3798300,nan
-83.7826000,14.9360000,nan
49.0275000,-126.3490000,nan
86.3409000,-151.1320000,nan
-61.5518000,-20.3533000,nan
-65.6905000,-19.2595000,nan
-50.9686000,-35.7235000,nan
-71.7500000,-13.3137000,nan
-77.7287000,-53.6043000,nan
-68.1417000,-76.2738000,nan
-70.2954000,-37.9425000,nan
-72.9768000,-62.7893000,nan
-70.5329000,-79.6631000,nan
-61.2298000,-44.1585000,nan
-78.6322000,116.7480000,nan
-66.9758000,-38.6857000,nan
-68.4046000,-18.7305000,nan
-89.3020000,-48.0691000,nan
-65.2001000,-31.5845000,nan
-62.2079000,-7.9793600,nan
-157.6540000,-4.5704800,nan
-50.2426000,131.1980000,nan
-57.9035000,-36.4194000,nan
-100.6400000,24.6667000,nan
-134.6640000,-40.7155000,nan
-121.3910000,167.8800000,nan
-124.1930000,155.4810000,nan
-74.5607000,113.0610000,nan
-152.1950000,-113.0100000,nan
-128.7200000,143.6940000,nan
-84.9574000,53.9362000,nan
-69.2721000,-33.1081000,nan
-65.3326000,-28.8495000,nan
-51.8259000,-36.7166000,nan
-82.6093000,-0.2243420,nan
-72.8181000,-27.0264000,nan
-97.4851000,-8.1327300,nan
-85.1961000,-42.0261000,nan
-58.8693000,-40.2899000,nan
-65.1500000,-41.7199000,nan
-76.5434000,1.1935700,nan
-66.8437000,-23.3963000,nan
57.3447000,-132.4570000,nan
100.1270000,-173.6550000,nan
-47.6093000,-24.0528000,nan
-54.8377000,-16.4134000,nan
-59.8473000,-32.6974000,nan
-54.7460000,-33.2966000,nan
-71.8114000,-45.5286000,nan
-49.3165000,-46.7506000,nan
-83.9903000,-32.2885000,nan
-100.4070000,-35.1641000,nan
-92.4244000,-63.7500000,nan
-70.2395000,-45.0062000,nan
-86.2582000,125.2700000,nan
-85.6862000,-43.4162000,nan
-85.8031000,-10.9641000,nan
-101.6700000,-44.6800000,nan
-63.2426000,5.3841800,nan
-91.8522000,1.6544600,nan
-151.4680000,-23.2927000,nan
-75.8483000,138.2850000,nan
-70.7510000,2.0374000,nan
-73.7685000,-9.7482400,nan
-139.6860000,-43.5982000,nan
-70.2034000,159.1530000,nan
-131.5410000,146.5290000,nan
-58.2019000,109.7270000,nan
-174.6470000,-163.8450000,nan
-58.5726000,146.1520000,nan
-78.9142000,113.3450000,nan
-144.2030000,-52.4875000,nan
-63.5518000,-15.2387000,nan
-78.2163000,-21.7694000,nan
-96.0823000,42.8500000,nan
-61.8250000,-57.1717000,nan
-68.9874000,-19.2782000,nan
-73.9753000,-51.5939000,nan
-62.6904000,-21.7234000,nan
-90.3844000,-38.8930000,nan
-54.3247000,-33.0727000,nan
-69.1118000,-30.7760000,nan
62.9816000,-87.1035000,nan
88.7178000,-141.1930000,nan
-56.2677000,-14.1011000,nan
-70.2868000,-4.4216300,nan
-51.7890000,-38.2042000,nan
-74.1330000,-34.1804000,nan
-66.2199000,-45.0238000,nan
-56.0808000,-66.3335000,nan
-77.9132000,-41.5210000,nan
-81.9670000,-22.2530000,nan
-122.9310000,-46.2562000,nan
-82.2991000,-63.4932000,nan
-71.5410000,108.5160000,nan
-107.5520000,-48.0606000,nan
-75.0903000,2.4665300,nan
-108.1100000,-54.1920000,nan
-55.2928000,-17.1305000,nan
-63.3584000,-23.0252000,nan
-126.0960000,-18.4681000,nan
-76.4376000,136.4600000,nan
-62.3057000,-19.7223000,nan
-79.5914000,6.1091100,nan
-128.3650000,-51.1789000,nan
-105.9170000,143.0340000,nan
-99.3611000,149.1980000,nan
-77.1678000,31.2299000,nan
-62.8952000,-80.6551000,nan
-153.1210000,143.0830000,nan
-54.0138000,118.1960000,nan
-134.9260000,-73.2759000,nan
-63.4982000,-14.3960000,nan
-57.2280000,-40.0158000,nan
-75.8380000,1.5288900,nan
-63.9793000,-26.9763000,nan
-62.5408000,-46.1356000,nan
-66.6674000,-31.1927000,nan
-80.8884000,-30.1028000,nan
-70.6828000,-21.8584000,nan
-89.9371000,41.4988000,nan
-157.7380000,-76.2426000,nan
92.9733000,-39.2153000,nan
73.9253000,-167.4850000,nan
-47.2117000,-18.7642000,nan
-69.1098000,-2.7253400,nan
-41.7667000,-50.7593000,nan
-93.7207000,13.7372000,nan
-97.2098000,-30.8380000,nan
-74.5466000,-58.1650000,nan
-81.5444000,-48.6917000,nan
-78.1938000,14.3801000,nan
-162.8180000,-58.3619000,nan
-69.6180000,-41.4900000,nan
-106.5630000,124.6780000,nan
-82.7614000,-59.0126000,nan
-70.6331000,-23.5920000,nan
-84.8549000,-58.3799000,nan
-62.6937000,-14.8942000,nan
-70.3668000,-8.3478800,nan
-151.1300000,-21.8958000,nan
-84.8678000,163.0100000,nan
-57.3157000,-18.2177000,nan
-59.1593000,-3.6128700,nan
-167.3180000,-46.5437000,nan
-75.3256000,168.6460000,nan
-145.5440000,155.8140000,nan
-74.7132000,10.4782000,nan
-81.5862000,-73.1445000,nan
-145.5590000,129.4720000,nan
-70.9402000,125.9190000,nan
-135.9470000,-57.7055000,nan
-70.0635000,-13.3822000,nan
-60.2920000,-30.5973000,nan
-100.0880000,-1.2309100,nan
-66.9679000,-19.8986000,nan
-78.8199000,-37.3608000,nan
-65.6470000,-38.8256000,nan
-64.7655000,-38.6855000,nan
-88.2640000,-11.7465000,nan
-72.8757000,-27.3982000,nan
-82.0690000,-52.6140000,nan
65.2097000,-14.1037000,nan
83.7644000,-174.4790000,nan
-52.7866000,-27.9695000,nan
-71.9099000,-3.7007800,nan
-48.7800000,-35.5001000,nan
-60.8644000,-29.9043000,nan
-96.3111000,-18.2826000,nan
-67.5480000,-57.3438000,nan
-68.4758000,-43.5901000,nan
-101.9980000,14.0618000,nan
-140.0930000,-57.4632000,nan
-73.9063000,-34.9971000,nan
-88.5994000,125.1500000,nan
-114.4150000,-24.2066000,nan
-66.6363000,-22.9390000,nan
-78.0602000,-71.8143000,nan
-62.1068000,-8.2215800,nan
-64.8012000,-17.9333000,nan
-159.7420000,11.9814000,nan
-64.0932000,131.5250000,nan
-72.0392000,-14.2843000,nan
-77.0485000,-29.5867000,nan
-103.3630000,-25.9829000,nan
-141.3050000,141.6880000,nan
-119.0720000,-170.0060000,nan
-81.0822000,-31.3009000,nan
-48.3238000,-74.8540000,nan
-135.5700000,147.9750000,nan
-84.3878000,55.9905000,nan
-74.5218000,-36.6867000,nan
-66.6144000,-38.1238000,nan
-53.1373000,-37.0877000,nan
-102.4180000,7.4561200,nan
-50.3836000,-50.5115000,nan
-74.3566000,-38.7926000,nan
-67.0087000,-53.8201000,nan
-56.7394000,-39.4292000,nan
-86.3335000,-0.4966330,nan
-86.5648000,-37.6934000,nan
-77.9355000,-34.0024000,nan
78.2838000,-20.2702000,nan
61.4561000,-154.6410000,nan
-55.0408000,-21.3086000,nan
-75.3948000,-0.2989000,nan
-64.4489000,-29.4517000,nan
-81.7257000,-30.3030000,nan
-60.2856000,-53.6945000,nan
-54.7944000,-80.4069000,nan
-64.6444000,-38.8710000,nan
-80.5708000,-56.7909000,nan
-83.9771000,-58.8009000,nan
-84.9884000,-53.2554000,nan
-77.5426000,133.3670000,nan
-123.7030000,114.3770000,nan
-40.7005000,-38.5941000,nan
-92.1158000,-58.4447000,nan
-74.2284000,-5.5895800,nan
-68.6603000,-11.2608000,nan
-121.0700000,-23.4399000,nan
-74.8315000,137.8570000,nan
-65.9242000,-17.9118000,nan
-66.4719000,-29.3679000,nan
-109.1000000,-42.8397000,nan
-94.7793000,160.8300000,nan
-119.4590000,142.4300000,nan
-72.9744000,2.2175500,nan
-71.5786000,-32.1737000,nan
-153.2400000,167.2040000,nan
-124.9130000,11.0806000,nan
-56.3381000,-37.3824000,nan
-69.4798000,-17.4191000,nan
-64.0064000,-23.6782000,nan
-112.3330000,-11.4042000,nan
-41.8090000,-55.6688000,nan
-73.9188000,-42.9860000,nan
-52.9077000,-46.4501000,nan
-60.5852000,-52.8326000,nan
-43.8690000,-50.5018000,nan
-64.2970000,-9.5250100,nan
-94.3119000,-21.0029000,nan
77.1731000,-46.9377000,nan
81.0341000,-159.9750000,nan
-65.9773000,-28.0641000,nan
-67.7444000,-3.8988300,nan
-62.0216000,-16.6591000,nan
-55.7033000,-40.6851000,nan
-72.5074000,-44.4727000,nan
-61.1188000,-60.4847000,nan
-57.0924000,-58.2751000,nan
-79.5708000,-38.4137000,nan
-96.3446000,-66.0009000,nan
-84.0682000,-26.7403000,nan
-114.0580000,105.7240000,nan
-120.5710000,106.4430000,nan
-51.9358000,-42.9212000,nan
-92.5207000,-50.1383000,nan
-67.6075000,-26.2833000,nan
-51.2664000,-25.8337000,nan
-103.7050000,-15.2379000,nan
-59.3802000,128.3420000,nan
-68.1750000,-20.8431000,nan
-85.5856000,9.9031100,nan
-134.7480000,-26.6047000,nan
-131.9680000,174.0230000,nan
-137.6970000,174.5030000,nan
-76.6064000,4.2641600,nan
-74.9350000,-54.9085000,nan
-146.6600000,170.6510000,nan
-108.8860000,0.3897550,nan
-42.6554000,-48.0512000,nan
-56.1341000,-32.4834000,nan
-76.5782000,-17.1982000,nan
-101.8060000,-6.1341900,nan
-45.9393000,-54.5406000,nan
-61.2738000,-49.3020000,nan
-62.8004000,-31.1807000,nan
-65.8555000,-51.6155000,nan
-69.4703000,-11.3681000,nan
-89.1934000,-8.3528200,nan
-92.6392000,-16.8550000,nan
70.1104000,2.8566500,nan
80.9430000,176.7750000,nan
-55.8510000,-33.5504000,nan
-64.4874000,0.8049170,nan
-52.6608000,-33.4200000,nan
-79.8793000,-34.2554000,nan
-73.5997000,-34.4223000,nan
-77.9158000,-71.2170000,nan
-68.4403000,-33.1205000,nan
-93.7828000,-18.9835000,nan
-118.8870000,-67.0601000,nan
-67.4927000,-28.1717000,nan
-105.5750000,137.9110000,nan
-81.2259000,102.0370000,nan
-78.9795000,-13.6697000,nan
-102.2200000,-39.7971000,nan
-79.4610000,6.7612600,nan
-95.8243000,3.0166400,nan
-149.2140000,-16.2729000,nan
-69.6823000,148.4880000,nan
-75.9389000,-20.0032000,nan
-96.1856000,0.8141330,nan
-111.9160000,-13.8006000,nan
-158.4150000,142.0130000,nan
-89.1214000,157.8830000,nan
-72.8855000,-6.7413400,nan
-58.9553000,-32.5367000,nan
-154.4100000,128.8020000,nan
-93.4872000,-4.4189300,nan
-42.4898000,-36.0331000,nan
-89.1563000,-8.3765600,nan
-63.5548000,-24.4321000,nan
-117.0630000,-0.2496390,nan
-50.7926000,-35.5033000,nan
-101.3450000,-8.7498200,nan
-80.1257000,-33.9680000,nan
-78.9831000,-41.4003000,nan
-61.3859000,-23.4357000,nan
-88.0452000,-32.3427000,nan
-84.8245000,-43.6966000,nan
78.3745000,-10.4015000,nan
72.5563000,-158.3110000,nan
-47.5461000,-44.5415000,nan
-49.8653000,-27.6482000,nan
-58.6820000,-25.6450000,nan
-66.8896000,-29.5007000,nan
-90.4529000,-24.5291000,nan
-86.1169000,-63.6270000,nan
-87.7050000,-45.4879000,nan
-77.5944000,-1.0429100,nan
-134.0690000,-85.3478000,nan
-74.5068000,-30.4251000,nan
-85.6168000,123.9510000,nan
-56.1127000,142.5270000,nan
-81.5095000,-16.4688000,nan
-101.0110000,-47.3877000,nan
-68.2415000,-12.1155000,nan
-79.2385000,-14.1371000,nan
-131.3840000,-20.6751000,nan
-38.9102000,137.0760000,nan
-70.9981000,-1.6291100,nan
-117.6160000,-5.3409200,nan
-117.3350000,14.9514000,nan
-145.2930000,156.1090000,nan
-65.2038000,141.3220000,nan
-57.6306000,-34.5011000,nan
-76.5316000,-43.1148000,nan
-93.4081000,165.7240000,nan
-149.5300000,-11.0086000,nan
-55.8901000,-28.9148000,nan
-46.8218000,-34.2952000,nan
-53.7839000,-40.0635000,nan
-96.4550000,-3.4734800,nan
-69.4426000,-30.9793000,nan
-68.2564000,-43.7729000,nan
-59.9600000,-46.9927000,nan
-73.7553000,-19.9362000,nan
-79.9698000,-38.1997000,nan
-74.2776000,-14.6109000,nan
-83.0653000,-45.1834000,nan
72.9811000,-22.7258000,nan
126.5570000,-149.4130000,nan
-63.0327000,-22.8376000,nan
-63.3012000,-33.0446000,nan
-41.0424000,-41.8020000,nan
-58.5949000,-41.3463000,nan
-92.5057000,-19.4093000,nan
-75.9597000,-61.9846000,nan
-68.1544000,-25.5187000,nan
-104.1580000,8.5832200,nan
-166.5930000,-64.6398000,nan
-59.4303000,-29.3120000,nan
-115.5900000,135.9010000,nan
-94.9030000,143.7180000,nan
-52.7269000,-30.0894000,nan
-100.2400000,-42.6715000,nan
-65.0272000,-30.1464000,nan
-63.5459000,-11.0384000,nan
-131.2640000,-3.6976700,nan
-71.0410000,137.4030000,nan
-78.7305000,-1.1248300,nan
-98.8000000,-27.6205000,nan
-79.0135000,-23.9439000,nan
-152.6160000,149.8390000,nan
-65.2261000,148.7050000,nan
-58.0149000,-33.9862000,nan
-66.5342000,-26.8252000,nan
-118.1130000,140.1330000,nan
-120.9080000,-16.2653000,nan
-54.0159000,-36.4272000,nan
-32.4910000,-36.4416000,nan
-77.4243000,-36.2490000,nan
-88.3620000,-4.7004700,nan
-62.0453000,-36.8472000,nan
-58.0524000,-33.9027000,nan
-88.3346000,-47.4697000,nan
-54.5350000,-34.2098000,nan
-79.4741000,-2.0515100,nan
-114.2340000,-33.9801000,nan
-62.6503000,-65.0317000,nan
82.1157000,3.1228400,nan
112.5910000,-176.9780000,nan
-67.0487000,-0.0886721,nan
-60.8684000,-27.2986000,nan
-53.3863000,-35.3488000,nan
-56.9698000,-48.7119000,nan
-69.1324000,-40.3954000,nan
-68.3244000,-49.1308000,nan
-88.1056000,-44.2731000,nan
-77.2239000,-24.9740000,nan
-102.9250000,-69.2983000,nan
-80.6619000,-64.4620000,nan
-83.6936000,148.9980000,nan
-107.1090000,127.1610000,nan
-56.1582000,-22.4096000,nan
-113.3540000,-34.8708000,nan
-72.7061000,-16.4966000,nan
-60.1297000,-13.0476000,nan
-138.0000000,-22.3424000,nan
-77.8824000,128.8760000,nan
-80.3173000,-14.2312000,nan
-82.3046000,-20.6853000,nan
-71.3335000,-50.2679000,nan
-160.6720000,151.8000000,nan
-97.7092000,134.1280000,nan
-60.4783000,-0.2406310,nan
-59.9255000,-23.6332000,nan
-116.8710000,146.0360000,nan
-112.9590000,-4.0152000,nan
-47.3258000,-41.0025000,nan
-61.6871000,-20.6907000,nan
-68.4406000,-23.3827000,nan
-120.1130000,1.8787800,nan
-46.6125000,-32.6082000,nan
-108.6340000,-26.5813000,nan
-62.6871000,-38.5943000,nan
-66.9239000,-46.1208000,nan
-53.2027000,-20.8431000,nan
-85.3260000,-18.5056000,nan
-98.6812000,-72.9511000,nan
57.4522000,15.4550000,nan
86.2274000,-159.0680000,nan
-59.6440000,-18.5341000,nan
-53.8206000,-26.4199000,nan
-42.9420000,-46.7365000,nan
-66.1009000,-42.1285000,nan
-63.2820000,-36.7212000,nan
-73.9852000,-61.2922000,nan
-75.0307000,-51.2520000,nan
-92.7721000,47.1724000,nan
-176.8130000,-84.3241000,nan
-57.0921000,-46.5077000,nan
-78.8836000,137.2250000,nan
-110.5500000,110.4360000,nan
-78.4984000,-13.9176000,nan
-97.8201000,-54.8321000,nan
-58.1596000,-17.3777000,nan
-77.3266000,-30.1306000,nan
-93.4276000,-21.8090000,nan
-51.9691000,123.7970000,nan
-65.1029000,-17.7412000,nan
-123.4810000,-25.1581000,nan
-58.7714000,-37.2335000,nan
-162.7820000,159.4870000,nan
-64.1609000,134.7360000,nan
-67.3029000,-37.0034000,nan
-64.7587000,-27.8806000,nan
-97.2473000,146.9320000,nan
-93.0921000,-10.4227000,nan
-56.2373000,-36.0280000,nan
-50.4875000,-27.5659000,nan
-62.2190000,-35.6069000,nan
-114.7720000,13.1439000,nan
-58.4449000,-25.2193000,nan
-82.0639000,-37.4114000,nan
-65.7229000,-40.0750000,nan
-61.6617000,-43.7324000,nan
-70.0257000,-7.3918400,nan
-101.0170000,-26.1531000,nan
-76.7451000,-77.4101000,nan
57.2427000,50.5159000,nan
86.0386000,-149.4510000,nan
-68.1536000,-16.8563000,nan
-75.8220000,2.3990300,nan
-51.6802000,-45.6638000,nan
-74.8130000,-33.7151000,nan
-54.6384000,-47.9846000,nan
-67.3316000,-77.3276000,nan
-85.6881000,-5.6410500,nan
-111.8730000,20.0898000,nan
-171.1250000,-64.9966000,nan
-79.6190000,-26.5916000,nan
-80.7286000,120.5470000,nan
-65.5435000,136.3040000,nan
-59.9572000,-16.9173000,nan
-102.2390000,-45.3400000,nan
-69.2393000,-13.9914000,nan
-68.2614000,-15.5958000,nan
-121.4280000,-8.8989600,nan
-73.4244000,134.9400000,nan
-89.8293000,-10.1795000,nan
-87.5979000,-18.8365000,nan
-82.1381000,-48.7228000,nan
-146.5280000,149.7170000,nan
-71.5231000,156.4640000,nan
-76.4090000,-14.3484000,nan
-61.5465000,-39.9126000,nan
-101.8470000,138.3710000,nan
-124.5180000,-19.1721000,nan
-44.3468000,-33.4652000,nan
-67.5864000,-16.8688000,nan
-66.1672000,-43.0712000,nan
-88.8412000,17.2702000,nan
-52.6997000,-47.0325000,nan
-87.8551000,-19.0108000,nan
-79.6906000,-31.1528000,nan
-62.4815000,-41.6134000,nan
-69.0386000,-23.3998000,nan
-81.3260000,-25.6708000,nan
-105.9240000,-55.1332000,nan
63.6484000,12.9557000,nan
97.3795000,-146.1310000,nan
-85.6176000,-19.5957000,nan
-59.0452000,-9.1100400,nan
-54.6050000,-37.7232000,nan
-72.0095000,-34.0769000,nan
-68.5866000,-36.9547000,nan
-80.8828000,-77.3687000,nan
-67.6419000,-46.6454000,nan
-82.0341000,3.1096500,nan
-141.0770000,-74.8874000,nan
-58.3698000,-38.0530000,nan
-69.1967000,126.2620000,nan
-96.3722000,142.6070000,nan
-45.4805000,-33.3139000,nan
-97.0514000,-42.7416000,nan
-70.7993000,-17.7619000,nan
-57.6327000,-6.5331400,nan
-152.1820000,13.8808000,nan
-89.2374000,99.3055000,nan
-52.9581000,-29.2700000,nan
-87.7059000,4.3770100,nan
-114.3620000,-46.3916000,nan
-147.4220000,145.3450000,nan
-83.6343000,150.1320000,nan
-56.3333000,-30.4605000,nan
-64.7573000,-42.0375000,nan
-88.5740000,100.0780000,nan
-59.2420000,-38.2003000,nan
-31.1081000,-55.0407000,nan
-35.8235000,-40.8543000,nan
-67.3616000,-15.9148000,nan
-122.5800000,0.9546580,nan
-69.1344000,-14.2594000,nan
-88.8691000,-44.0604000,nan
-56.0141000,-34.3467000,nan
-64.2591000,-48.7094000,nan
-64.6571000,-18.2703000,nan
-82.9868000,-37.6581000,nan
-93.7687000,-46.8574000,nan
53.6887000,30.7123000,nan
81.6437000,-139.6470000,nan
-69.8950000,-23.5507000,nan
-85.3296000,6.8031700,nan
-57.0481000,-41.9266000,nan
-56.0460000,-38.4793000,nan
-82.0794000,-28.1968000,nan
-75.6238000,-59.5942000,nan
-68.7804000,-57.0177000,nan
-74.8227000,26.3035000,nan
-171.7650000,-83.3043000,nan
-56.9931000,-49.0928000,nan
-78.3516000,134.9720000,nan
-106.3720000,119.3540000,nan
-65.2434000,-22.2714000,nan
-91.4637000,-47.3017000,nan
-61.1897000,-21.8847000,nan
-65.3268000,-5.4772600,nan
-125.4400000,-46.8436000,nan
-69.8481000,146.1600000,nan
-67.5806000,-28.1116000,nan
-84.8251000,-5.4571800,nan
-109.8160000,-29.2946000,nan
-153.8130000,150.2700000,nan
-74.0348000,139.2480000,nan
-50.2746000,-34.8582000,nan
-86.7019000,23.8040000,nan
-138.1760000,118.3250000,nan
-95.1220000,-21.3864000,nan
-57.4094000,-31.8000000,nan
-52.4289000,-38.9926000,nan
-57.7741000,-30.3369000,nan
-116.8070000,5.5659100,nan
-38.1180000,-46.9319000,nan
-79.6702000,-27.4330000,nan
-76.0174000,-43.5520000,nan
-62.9907000,-39.1314000,nan
-72.6303000,-13.9425000,nan
-95.0158000,-33.0154000,nan
-69.2839000,-45.2220000,nan
74.4148000,-6.2600400,nan
115.4450000,-174.3080000,nan
-55.9381000,-28.3259000,nan
-60.6590000,-23.1976000,nan
-34.9809000,-30.8546000,nan
-65.7934000,-48.2347000,nan
-57.0160000,-53.3342000,nan
-51.4701000,-85.2126000,nan
-57.0101000,-32.0905000,nan
-115.9620000,11.6441000,nan
-144.7830000,-74.2237000,nan
-61.5366000,-43.6539000,nan
-80.4276000,113.6610000,nan
-79.8118000,126.0380000,nan
-60.5300000,-42.2712000,nan
-89.9796000,1.1511800,nan
-121.1900000,-23.3623000,nan
-65.5320000,-22.7466000,nan
-131.8530000,2.8806800,nan
-62.3938000,122.8460000,nan
-72.4167000,-9.8752500,nan
-95.6722000,-7.5984100,nan
-105.1320000,-18.0575000,nan
-162.0000000,172.2880000,nan
-105.0290000,140.8730000,nan
-67.7563000,-21.8581000,nan
-60.3074000,-28.8198000,nan
-107.5340000,105.1190000,nan
-85.4226000,-7.2813800,nan
-41.8028000,-54.3914000,nan
-47.6539000,-18.8195000,nan
-62.5102000,-25.7524000,nan
-111.1290000,5.7392900,nan
-36.2999000,-46.2836000,nan
-65.8291000,-50.7843000,nan
-65.9570000,-40.5325000,nan
-62.4714000,-37.4039000,nan
-72.0537000,-18.1982000,nan
-78.7348000,-32.7797000,nan
-76.2086000,-51.1936000,nan
63.6623000,4.2805600,nan
83.1373000,-162.2440000,nan
-73.7278000,-14.0217000,nan
-62.6407000,-9.4581900,nan
-44.5497000,-51.0556000,nan
-55.0148000,-31.9850000,nan
-79.8212000,-23.4071000,nan
-88.8520000,-67.7114000,nan
-87.0641000,-12.9572000,nan
-114.8830000,-4.2636000,nan
-124.2760000,-73.5703000,nan
-60.8535000,-32.8536000,nan
-107.9020000,133.4700000,nan
-91.5271000,128.2320000,nan
-63.2984000,-26.7288000,nan
-103.1730000,-48.7616000,nan
-55.7469000,-28.9019000,nan
-65.2895000,-20.4157000,nan
-116.2590000,-17.1332000,nan
-66.7519000,122.5510000,nan
-56.1670000,-31.3537000,nan
-101.7800000,-13.2033000,nan
-86.4336000,-34.2753000,nan
-161.2550000,151.3330000,nan
-80.2454000,138.4340000,nan
-55.9880000,-26.4278000,nan
-61.3259000,-34.1709000,nan
-91.6508000,109.2240000,nan
-70.0170000,-25.2927000,nan
-50.8932000,-38.6606000,nan
-50.3634000,-33.7954000,nan
-74.4799000,-19.9962000,nan
-110.4770000,23.1356000,nan
-55.7297000,-37.7753000,nan
-71.9341000,-48.2428000,nan
-70.0778000,-26.6086000,nan
-70.0178000,-43.2691000,nan
-66.3839000,-39.4551000,nan
-62.7070000,-48.4598000,nan
-61.7423000,-49.7346000,nan
71.9540000,2.3588900,nan
71.8637000,-143.8070000,nan
-60.3385000,-19.1324000,nan
-79.8102000,7.4713700,nan
-64.4107000,-40.5422000,nan
-57.8915000,-39.3677000,nan
-68.7476000,-53.2340000,nan
-67.5037000,-70.4209000,nan
-70.6135000,-20.7346000,nan
-123.7800000,-0.8346000,nan
-123.5270000,-41.4890000,nan
-93.0282000,-39.1956000,nan
-82.7986000,126.1860000,nan
-82.8916000,116.5460000,nan
-74.9635000,-21.2277000,nan
-86.5192000,-55.5775000,nan
-54.4239000,-35.0990000,nan
-50.2444000,-18.6597000,nan
-128.3910000,7.7642800,nan
-87.2825000,128.3180000,nan
-83.3711000,-10.9277000,nan
-82.0712000,-14.9448000,nan
-83.9950000,-33.2333000,nan
-172.9630000,157.2560000,nan
-77.4960000,136.6570000,nan
-57.9422000,-17.7642000,nan
-75.8797000,-30.6410000,nan
-97.8265000,110.7170000,nan
-111.9180000,2.7647700,nan
-64.9619000,-29.6001000,nan
-50.4583000,-11.3525000,nan
-72.5681000,-28.6932000,nan
-101.2010000,19.0841000,nan
-55.0594000,-15.1502000,nan
-97.2701000,-40.0461000,nan
-63.8221000,-38.9860000,nan
-64.6359000,-29.8112000,nan
-92.7007000,-21.0807000,nan
-83.6590000,-41.6628000,nan
-69.1214000,-63.2207000,nan
68.7452000,2.2376600,nan
93.6875000,-174.3220000,nan
-33.4290000,-34.2860000,nan
-63.6279000,-13.9463000,nan
-43.3249000,-37.3079000,nan
-79.6733000,-10.5935000,nan
-62.7475000,-43.4097000,nan
-72.8519000,-63.9756000,nan
-66.2320000,-37.9624000,nan
-102.1060000,-30.7276000,nan
-103.1780000,-66.0037000,nan
-70.1980000,-54.7132000,nan
-65.2198000,117.2050000,nan
-62.1221000,133.0920000,nan
-65.7399000,-52.7047000,nan
-104.5400000,-24.7224000,nan
-53.6338000,-36.2738000,nan
-71.1104000,-11.5055000,nan
-120.2840000,-17.9656000,nan
-61.5413000,130.4180000,nan
-79.1549000,-1.6281300,nan
-109.8740000,-16.6564000,nan
-80.6616000,-20.7897000,nan
-162.8860000,146.7840000,nan
-53.2292000,142.9000000,nan
-54.6095000,-36.7619000,nan
-55.3371000,-31.8718000,nan
-110.3520000,109.2760000,nan
-100.1360000,3.7433900,nan
-70.5760000,-23.1771000,nan
-43.2528000,-33.0957000,nan
-71.8001000,-3.2766400,nan
-108.8530000,5.5851900,nan
-37.1584000,-67.3403000,nan
-62.9129000,-31.6370000,nan
-71.3631000,-62.8321000,nan
-46.5603000,-41.6008000,nan
-63.2170000,-27.0272000,nan
-85.8454000,-47.0769000,nan
-69.3291000,-40.3267000,nan
62.1986000,13.9863000,nan
99.7882000,-161.6110000,nan
-80.9343000,-12.9417000,nan
-65.0334000,-20.5088000,nan
-42.7745000,-31.7718000,nan
-72.0532000,-32.9269000,nan
-80.8692000,-31.8538000,nan
-68.0916000,-38.8447000,nan
-85.1531000,-24.7640000,nan
-72.7850000,-46.3738000,nan
-105.7640000,-52.2954000,nan
-87.2210000,-54.8490000,nan
-97.1013000,103.1310000,nan
-88.0822000,127.2830000,nan
-69.2373000,-33.1817000,nan
-107.1950000,-37.7899000,nan
-75.4302000,-22.5538000,nan
-48.1994000,-31.0910000,nan
-113.5740000,-2.7155300,nan
-82.0732000,133.6020000,nan
-78.0779000,-19.8613000,nan
-95.3935000,-21.9441000,nan
-73.4330000,-50.8039000,nan
-140.0580000,160.7580000,nan
-74.5870000,143.2650000,nan
-56.6365000,-29.8439000,nan
-69.1301000,14.9892000,nan
-155.4150000,129.3770000,nan
-102.1380000,1.2274900,nan
-51.1871000,-45.8064000,nan
-55.9964000,-26.6236000,nan
-72.4684000,-32.5452000,nan
-89.6800000,14.0951000,nan
-60.7617000,-27.3175000,nan
-64.1305000,-43.5828000,nan
-70.4392000,-35.0495000,nan
-52.8141000,-45.0587000,nan
-89.7963000,-12.8597000,nan
-73.5126000,-19.9124000,nan
-114.2320000,-46.9635000,nan
70.1498000,2.5073700,nan
101.7700000,-175.4450000,nan
-66.3396000,-7.9470500,nan
-68.2777000,-3.0222800,nan
-49.1168000,-47.1355000,nan
-54.6967000,-11.9159000,nan
-107.3200000,-35.3792000,nan
-58.5885000,-58.2066000,nan
-64.3676000,-25.4996000,nan
-82.6508000,0.5461500,nan
159.3770000,10.1343000,nan
-110.8300000,-39.1662000,nan
-123.3170000,102.5870000,nan
-109.2620000,142.4370000,nan
-50.4329000,-41.4821000,nan
-119.0820000,-21.9286000,nan
-63.5746000,-33.6148000,nan
-62.8539000,-15.0538000,nan
-113.3130000,-3.7837800,nan
-72.4966000,131.5570000,nan
-92.2052000,17.3227000,nan
-141.6650000,-13.0570000,nan
-63.9298000,-42.1598000,nan
-145.3080000,160.0580000,nan
-82.7748000,149.6010000,nan
-70.7510000,-14.8316000,nan
-73.0352000,-3.2705200,nan
-135.1550000,125.6910000,nan
-81.1761000,-15.7433000,nan
-62.5395000,-17.3301000,nan
-66.3071000,-20.2888000,nan
-65.8905000,-27.4118000,nan
-114.9340000,30.1168000,nan
-54.0598000,-50.6321000,nan
-63.1463000,-41.5695000,nan
-67.8313000,-43.8953000,nan
-70.3228000,-31.2449000,nan
-83.7454000,-22.8398000,nan
-77.3199000,-34.6979000,nan
-77.2970000,-26.2372000,nan
75.5686000,-27.1075000,nan
160.0420000,169.5920000,nan
-60.5618000,-15.3506000,nan
-56.3128000,-18.8999000,nan
-60.8429000,-30.3843000,nan
-90.4863000,-6.0854100,nan
-75.2319000,-43.1970000,nan
-62.5119000,-49.1393000,nan
-58.9444000,-36.2730000,nan
-111.1150000,37.5145000,nan
168.2570000,-23.4920000,nan
-89.0202000,-49.0494000,nan
-80.7624000,139.1100000,nan
-143.3780000,93.5615000,nan
-75.5831000,-28.5355000,nan
-91.1801000,-43.2575000,nan
-56.5514000,-32.4765000,nan
-58.1359000,-21.3941000,nan
-110.2700000,-11.4498000,nan
-64.5695000,142.8240000,nan
-83.8232000,-23.8442000,nan
-79.8780000,-41.1150000,nan
-70.8445000,-81.0265000,nan
-97.9972000,165.1440000,nan
-61.3786000,156.1700000,nan
-107.8930000,-6.0105800,nan
-67.0524000,-27.1412000,nan
-120.4650000,174.5180000,nan
-117.4100000,2.6623000,nan
-41.4493000,-29.0529000,nan
-55.4407000,-27.0997000,nan
-77.8185000,-21.8377000,nan
-116.5410000,3.6181900,nan
-51.1568000,-55.9423000,nan
-47.5198000,-37.5270000,nan
-90.8604000,-45.8358000,nan
-52.2491000,-34.7197000,nan
-81.2596000,-25.1370000,nan
-74.0664000,-16.5832000,nan
-78.7537000,-33.7956000,nan
65.1648000,44.2089000,nan
77.0994000,172.7300000,nan
-59.8441000,-37.0510000,nan
-64.3471000,7.3045900,nan
-60.9583000,-26.5803000,nan
-75.5078000,-1.1154400,nan
-97.4783000,-54.8804000,nan
-58.2146000,-63.8576000,nan
-56.7382000,-49.7844000,nan
-60.4902000,-28.5736000,nan
-92.9810000,-49.7389000,nan
-77.7267000,-32.5943000,nan
-113.4760000,142.9080000,nan
-99.3860000,133.5690000,nan
-54.6383000,-40.5336000,nan
-101.9760000,-40.9328000,nan
-65.1783000,-14.5494000,nan
-64.2047000,-43.0457000,nan
-104.6360000,-11.9996000,nan
-56.0948000,137.9160000,nan
-58.7985000,-30.6169000,nan
-114.9660000,-21.5681000,nan
-62.7227000,-26.7741000,nan
-177.4880000,147.1820000,nan
-57.7484000,133.0240000,nan
-57.1886000,-24.5994000,nan
-84.2537000,-39.8691000,nan
-82.3356000,131.8340000,nan
-78.0340000,-18.7775000,nan
-45.5581000,-49.7763000,nan
-46.1786000,-44.5001000,nan
-58.1424000,-43.7846000,nan
-80.8775000,13.2996000,nan
-56.8023000,-55.7055000,nan
-66.5277000,-25.8999000,nan
-71.8231000,-49.6444000,nan
-52.8828000,-31.9091000,nan
-62.1096000,-45.2912000,nan
-70.6934000,-8.9906100,nan
-92.8603000,-0.8099070,nan
51.3973000,55.5612000,nan
72.3517000,173.0440000,nan
-51.6530000,-30.6954000,nan
-64.8173000,9.8536400,nan
-75.7470000,-37.9722000,nan
-72.7016000,-29.5854000,nan
-60.1704000,-37.2977000,nan
-59.8857000,-60.2403000,nan
-68.9668000,-35.9263000,nan
-64.2447000,-33.6555000,nan
-93.9043000,-38.6033000,nan
-109.0790000,-15.9999000,nan
-127.6070000,136.1810000,nan
-81.0515000,103.7340000,nan
-43.5735000,-59.7434000,nan
-85.9954000,-49.7350000,nan
-68.2800000,-26.1958000,nan
-74.0385000,-14.5543000,nan
-115.8050000,15.2171000,nan
-85.2946000,137.0940000,nan
-82.0823000,-23.6197000,nan
-100.8170000,-11.4789000,nan
-73.0187000,-27.7169000,nan
-166.9890000,159.5340000,nan
-68.9494000,152.0210000,nan
-70.3148000,-31.8801000,nan
-69.5324000,-7.4283800,nan
-135.4340000,142.1680000,nan
-96.3699000,0.5904760,nan
-49.1501000,-43.4304000,nan
-50.7366000,-20.8777000,nan
-76.4780000,-39.9551000,nan
-105.7650000,9.0612100,nan
-32.7545000,-40.0460000,nan
-86.5658000,-36.4061000,nan
-66.7431000,-44.8445000,nan
-69.9960000,-25.2501000,nan
-77.0314000,-29.9492000,nan
-85.6070000,-32.8258000,nan
-64.7806000,-40.5118000,nan
86.4616000,7.7966400,nan
103.0070000,-174.6830000,nan
-63.2210000,-23.4301000,nan
-33.8201000,-30.1179000,nan
-71.9092000,-8.4176700,nan
-69.3713000,-24.1166000,nan
-84.3110000,-38.6343000,nan
-56.4307000,-43.1685000,nan
-71.3513000,-52.8695000,nan
-61.3243000,-21.9820000,nan
-86.3802000,-70.0193000,nan
-79.8757000,-22.4882000,nan
-111.3990000,137.6110000,nan
-106.3930000,135.6830000,nan
-42.3310000,-36.1171000,nan
-106.5620000,-41.1668000,nan
-79.9743000,-7.2660100,nan
-69.1668000,-20.2316000,nan
-122.0410000,-16.2945000,nan
-44.8724000,133.9110000,nan
-70.6452000,-24.7022000,nan
-74.5457000,-52.5971000,nan
-68.1994000,-23.9815000,nan
-161.9100000,166.1030000,nan
-69.4827000,135.8060000,nan
-63.9077000,-32.8232000,nan
-52.2365000,-33.4639000,nan
-111.8140000,131.3080000,nan
-91.9379000,-4.7633100,nan
-64.1929000,-27.7979000,nan
-64.8269000,-8.0335100,nan
-72.9151000,-38.6453000,nan
-95.8122000,12.4015000,nan
-50.6662000,-21.8718000,nan
-95.6333000,-49.5357000,nan
-66.9292000,-40.6562000,nan
-77.3637000,-17.5819000,nan
-91.4011000,-29.7938000,nan
-66.8588000,-31.2580000,nan
-90.0970000,-0.2719450,nan
61.4032000,-15.8691000,nan
154.3200000,167.0210000,nan
-56.6551000,-22.6524000,nan
-71.6219000,4.0712300,nan
-43.8794000,-42.9056000,nan
-64.7492000,-20.8797000,nan
-92.1418000,-27.3556000,nan
-61.1442000,-47.1974000,nan
-51.0816000,-38.4892000,nan
-55.6153000,-50.7684000,nan
-81.7523000,-26.3210000,nan
-104.1180000,-53.4021000,nan
-81.3653000,146.4850000,nan
-87.6134000,107.5080000,nan
-74.0310000,-10.8704000,nan
-106.2910000,-41.4847000,nan
-67.5902000,-23.4922000,nan
-59.4014000,-11.9874000,nan
-126.6620000,-4.4533200,nan
-66.7903000,121.5100000,nan
-75.1830000,-10.8123000,nan
-113.4800000,-16.5587000,nan
-59.4338000,-36.3531000,nan
-150.8140000,157.0500000,nan
-72.7848000,145.0640000,nan
-62.5616000,-34.8767000,nan
-64.1734000,-20.5490000,nan
-94.5953000,120.5400000,nan
-86.2171000,-30.0221000,nan
-45.6681000,-36.1832000,nan
-53.2543000,-32.5569000,nan
-68.8769000,-25.5774000,nan
-103.3990000,45.8880000,nan
-49.0310000,-53.5868000,nan
-75.1065000,-26.2817000,nan
-88.0106000,-37.9512000,nan
-68.0042000,-38.7133000,nan
-51.1628000,-64.7150000,nan
-70.8757000,-14.7885000,nan
-103.7580000,-0.0268049,nan
69.5105000,-51.7193000,nan
178.3300000,177.7830000,nan
-60.4837000,-6.6136500,nan
-58.6935000,-2.2015100,nan
-54.6003000,-33.4532000,nan
-74.5723000,-21.0271000,nan
-87.8879000,-14.4315000,nan
-79.1216000,-45.1784000,nan
-79.0363000,-23.3346000,nan
-72.8528000,-100.7770000,nan
-68.2258000,-30.4803000,nan
-90.7004000,-37.2260000,nan
-60.2940000,149.1530000,nan
-104.4190000,125.9750000,nan
-70.0622000,-6.8895400,nan
-125.1170000,-43.0553000,nan
-57.3829000,-13.3419000,nan
-69.2980000,-16.7524000,nan
-123.7670000,-31.7499000,nan
-48.9026000,124.6770000,nan
-79.8274000,-3.1582400,nan
-102.7340000,-20.5296000,nan
-79.9547000,-30.4714000,nan
-153.5050000,145.6070000,nan
-57.2139000,138.1210000,nan
-60.5369000,-22.5500000,nan
-95.9146000,21.0533000,nan
-128.3900000,171.3850000,nan
-130.1690000,-47.8729000,nan
-52.4288000,-29.9034000,nan
-48.3899000,-37.4063000,nan
-75.3997000,-12.2157000,nan
-111.2420000,3.8717000,nan
-43.5004000,-36.0221000,nan
-77.4447000,-49.5204000,nan
-49.4180000,-51.2271000,nan
-62.8625000,-31.1858000,nan
-57.5536000,-38.2012000,nan
-91.8240000,-38.5912000,nan
-109.0300000,-9.9828800,nan
60.0802000,25.4329000,nan
78.7520000,-156.8360000,nan
-47.3980000,-43.2603000,nan
-51.1710000,-16.6022000,nan
-65.5707000,-16.4637000,nan
-63.6710000,-34.6765000,nan
-77.3466000,3.0951800,nan
-107.2170000,-39.1804000,nan
-51.6482000,-39.3064000,nan
-73.1100000,127.4020000,nan
73.6751000,-52.0050000,nan
-75.4698000,-36.2983000,nan
-99.1429000,139.2440000,nan
-119.9810000,145.2990000,nan
-61.9273000,-25.1585000,nan
-100.4390000,-38.0174000,nan
-73.2170000,-13.5909000,nan
-64.4179000,-23.1971000,nan
-121.1160000,-15.9052000,nan
-55.3667000,101.4240000,nan
-53.1192000,-21.6640000,nan
-90.0224000,-20.0328000,nan
-76.5988000,-38.2946000,nan
-172.9850000,145.0380000,nan
-61.0532000,142.7190000,nan
-45.2661000,-39.7900000,nan
-67.9319000,-39.3476000,nan
-96.7118000,107.0890000,nan
-95.3253000,-7.1004300,nan
-43.8961000,-39.8485000,nan
-49.5385000,-28.5657000,nan
-84.4247000,-16.8837000,nan
-116.5980000,4.7435100,nan
-54.5704000,-42.9353000,nan
-73.2446000,-17.7620000,nan
-72.5090000,-50.2200000,nan
-49.7127000,-31.9879000,nan
-92.5244000,-25.1845000,nan
-73.3791000,-48.4875000,nan
-142.6130000,16.2577000,nan
59.7660000,9.7174400,nan
95.8395000,-163.4930000,nan
-62.1147000,-18.5750000,nan
-61.3231000,-18.7477000,nan
-48.5718000,-28.4395000,nan
-79.9965000,-8.6107300,nan
-79.3345000,-18.4758000,nan
-85.5662000,-56.5972000,nan
-68.2939000,-38.8208000,nan
-79.7152000,117.1610000,nan
95.4204000,-66.4225000,nan
-60.6434000,-51.4274000,nan
-65.2386000,136.7060000,nan
-85.7077000,119.0580000,nan
-73.2147000,-14.5755000,nan
-122.9680000,-31.7398000,nan
-73.4846000,1.8626700,nan
-83.0011000,-12.9056000,nan
-135.1290000,-14.4080000,nan
-62.3377000,116.3750000,nan
-63.0645000,-4.7869800,nan
-101.7460000,-28.2699000,nan
-69.7241000,-39.0528000,nan
-151.4540000,145.1640000,nan
-65.3447000,142.0690000,nan
-57.1308000,-23.4136000,nan
-70.0309000,-16.8482000,nan
-123.8710000,109.9920000,nan
-108.8440000,-9.2522100,nan
-54.9402000,-36.4164000,nan
-57.4317000,-10.6750000,nan
-100.1930000,-27.6702000,nan
-90.4478000,-15.7819000,nan
-59.1059000,-36.0891000,nan
-71.4160000,-33.0116000,nan
-63.7784000,-42.8357000,nan
-72.2845000,-24.5830000,nan
-95.1275000,-56.6748000,nan
-78.5711000,-54.3217000,nan
-75.8025000,-12.9265000,nan
75.5643000,7.1475400,nan
104.4580000,171.3630000,nan
-55.5835000,-22.3027000,nan
-63.7119000,-8.2501400,nan
-51.8704000,-33.5411000,nan
-57.0004000,-44.0862000,nan
-54.9202000,-45.2822000,nan
-63.1541000,-64.3375000,nan
-74.1616000,-30.1333000,nan
-92.5268000,-32.1296000,nan
-91.5249000,-73.2416000,nan
-74.9121000,-36.3711000,nan
-86.6837000,131.8450000,nan
-93.0623000,120.7090000,nan
-68.6819000,-15.9247000,nan
-111.5180000,-36.9372000,nan
-65.6526000,-31.8808000,nan
-62.6617000,-24.5140000,nan
-106.9220000,-10.1391000,nan
-74.6423000,101.9210000,nan
-66.0619000,-15.1034000,nan
-85.7888000,-17.8643000,nan
-84.4294000,-22.6236000,nan
-178.4780000,163.8040000,nan
-91.9729000,147.7870000,nan
-67.5539000,-12.6185000,nan
-70.2779000,-33.2214000,nan
-96.1912000,108.7390000,nan
-96.2892000,-5.2442400,nan
-65.3590000,-31.8667000,nan
-61.3251000,-28.0918000,nan
-84.1133000,-30.5827000,nan
-111.6760000,-21.8783000,nan
-39.0490000,-49.8178000,nan
-69.3273000,-39.6621000,nan
-65.5169000,-51.4418000,nan
-65.1142000,-29.1106000,nan
-78.6310000,-27.4445000,nan
-76.0455000,-36.4855000,nan
-83.1933000,-10.6662000,nan
67.3272000,-33.4920000,nan
178.4030000,145.6320000,nan
-69.5123000,-2.8904700,nan
-61.6395000,-18.6486000,nan
-47.2529000,-41.4379000,nan
-60.0366000,-42.7797000,nan
-89.0921000,-32.0941000,nan
-57.6929000,-62.2841000,nan
-59.5132000,-42.1472000,nan
-105.5840000,-8.5628000,nan
-128.5950000,-51.8381000,nan
-70.4541000,-44.1570000,nan
-80.6215000,119.8280000,nan
-59.6215000,121.4010000,nan
-60.8690000,-21.1277000,nan
-110.1710000,-31.5013000,nan
-73.9134000,-12.4053000,nan
-67.0177000,-5.4048000,nan
-152.1750000,6.0202200,nan
-75.9747000,127.9170000,nan
-80.5752000,-6.1359800,nan
-95.3798000,-26.0768000,nan
-69.3135000,-33.2349000,nan
-167.4070000,156.5850000,nan
-106.1330000,160.3050000,nan
-63.3766000,-22.3998000,nan
-74.6513000,-29.5088000,nan
-101.9880000,87.1778000,nan
-87.0997000,0.2299200,nan
-64.8110000,-35.7037000,nan
-54.4221000,-23.2555000,nan
-81.7512000,-30.6804000,nan
-95.4918000,-23.5515000,nan
-54.4883000,-38.3240000,nan
-86.5200000,-33.5339000,nan
-66.6740000,-43.2471000,nan
-63.1887000,-29.2358000,nan
-75.4484000,-27.5129000,nan
-80.0694000,-20.2871000,nan
-59.4331000,-86.0925000,nan
77.7621000,24.6418000,nan
170.6760000,64.2426000,nan
-57.4327000,-29.6368000,nan
-57.7621000,1.5714900,nan
-58.7331000,-45.7500000,nan
-58.9995000,-26.1536000,nan
-82.8885000,-49.9644000,nan
-68.6213000,-71.3876000,nan
-80.6371000,-46.6309000,nan
-61.6878000,-5.2934000,nan
-151.6970000,-76.1925000,nan
-58.3206000,-38.1176000,nan
-91.6806000,133.0150000,nan
-89.6289000,136.6610000,nan
-53.4553000,-21.4754000,nan
-105.6440000,-50.1898000,nan
-62.8398000,-30.2162000,nan
-66.8087000,-29.7656000,nan
-107.6630000,-10.1561000,nan
-69.7512000,139.1680000,nan
-93.2000000,-22.6272000,nan
-61.2077000,-31.6862000,nan
-81.7593000,-45.5019000,nan
-148.2060000,149.4240000,nan
-79.5739000,132.4430000,nan
-52.8545000,-33.0898000,nan
-53.0997000,-17.8556000,nan
-120.4160000,114.3280000,nan
-113.6380000,7.0644700,nan
-51.7937000,-29.6373000,nan
-55.4031000,-22.2029000,nan
-94.7411000,-42.8166000,nan
-85.6103000,-30.4985000,nan
-56.1122000,-34.9798000,nan
-81.0655000,-37.6868000,nan
-70.3580000,-35.5582000,nan
-53.9799000,-44.5104000,nan
-90.9049000,-23.8006000,nan
-61.5056000,-46.1696000,nan
-58.7485000,-47.8427000,nan
76.6914000,-17.0706000,nan
-103.6090000,176.7560000,nan
-122.4430000,-54.2009000,nan
-105.8240000,2.3883900,nan
-40.8429000,-37.6302000,nan
-58.2726000,-30.9297000,nan
-100.8860000,-43.2778000,nan
-42.4347000,-72.7908000,nan
-68.3518000,-37.1866000,nan
-83.3585000,-22.0341000,nan
-129.9800000,-58.1473000,nan
-74.6198000,-41.9293000,nan
-105.0090000,112.2280000,nan
-130.8100000,117.2850000,nan
-60.0571000,-17.0148000,nan
-92.4911000,-59.3877000,nan
-56.3222000,-30.0729000,nan
-38.7345000,-42.8324000,nan
-125.6790000,-9.7960900,nan
-51.0560000,127.6400000,nan
-96.8630000,-1.3061100,nan
-114.5830000,-41.1060000,nan
-58.9687000,-25.0844000,nan
-148.7970000,155.0470000,nan
-114.4430000,163.4300000,nan
-67.8172000,-25.3748000,nan
-46.3340000,-28.5552000,nan
-126.8380000,53.4539000,nan
-59.9433000,-17.4374000,nan
-45.6411000,-40.8410000,nan
-51.6564000,-23.6444000,nan
-70.2209000,-58.8235000,nan
-61.9098000,-37.7603000,nan
-53.6300000,-42.4391000,nan
-90.0728000,-24.1852000,nan
-71.8818000,-44.8721000,nan
-71.5255000,-24.6656000,nan
-79.1110000,-29.7505000,nan
-79.6621000,-35.5161000,nan
-69.3066000,-46.8467000,nan
76.0025000,-22.6316000,nan
-93.7045000,112.9520000,nan
-81.8182000,-35.5250000,nan
-102.5140000,-0.9574810,nan
-44.5844000,-45.2026000,nan
-74.9329000,-35.5110000,nan
-81.1023000,-30.5561000,nan
-74.9036000,-54.4721000,nan
-88.9981000,-28.1926000,nan
-99.4675000,-3.0619100,nan
-141.1310000,-76.6377000,nan
-68.8754000,-50.0872000,nan
-83.8308000,110.4000000,nan
-69.6869000,133.3050000,nan
-75.3914000,-21.4314000,nan
-112.0830000,-58.9349000,nan
-67.0567000,-15.8053000,nan
-46.4000000,-35.1850000,nan
-149.8590000,-2.2864600,nan
-63.7382000,114.0100000,nan
-73.6235000,-6.0147700,nan
-66.1972000,-29.2546000,nan
-92.2863000,-33.8581000,nan
-158.8940000,143.0440000,nan
-69.4975000,141.1960000,nan
-38.2153000,-34.8112000,nan
-83.8975000,-24.8672000,nan
-95.9608000,87.8640000,nan
-87.0170000,2.5690900,nan
-58.0384000,-34.0251000,nan
-57.9308000,-36.8753000,nan
-61.9087000,-51.5449000,nan
-70.8433000,-31.4589000,nan
-55.7985000,-24.0262000,nan
-69.2830000,-48.9129000,nan
-64.8526000,-34.3904000,nan
-65.2691000,-46.1506000,nan
-70.7240000,-27.0701000,nan
-73.1524000,-42.4394000,nan
-58.8682000,-37.8657000,nan
74.7742000,-42.3122000,nan
-119.4270000,99.6929000,nan
-60.2053000,-27.0614000,nan
-126.8630000,26.0789000,nan
-61.9600000,-59.1589000,nan
-59.4778000,-16.6845000,nan
-88.7940000,-34.8756000,nan
-86.6906000,-59.9665000,nan
-74.1412000,-32.4638000,nan
-82.8904000,-54.4987000,nan
-83.7231000,-68.9749000,nan
-67.9430000,-67.6941000,nan
-79.5216000,121.2100000,nan
-80.1733000,110.4550000,nan
-60.7550000,-4.2400000,nan
-122.0890000,-33.3226000,nan
-84.0814000,-12.7639000,nan
-40.5076000,-59.2618000,nan
-106.8520000,-16.3593000,nan
-76.2030000,121.8340000,nan
-69.8464000,-15.9662000,nan
-67.3386000,-26.5213000,nan
-87.3612000,-49.9335000,nan
-167.0260000,146.1060000,nan
-66.1802000,144.2100000,nan
-46.5109000,-31.8427000,nan
-56.3912000,-51.7968000,nan
-83.7127000,136.0520000,nan
-135.6570000,15.4330000,nan
-54.8320000,-51.3931000,nan
-65.3809000,-29.9228000,nan
-75.3852000,-33.4524000,nan
-67.6505000,-51.4544000,nan
-55.3234000,-25.8001000,nan
-71.3665000,-36.1357000,nan
-77.2690000,-36.9497000,nan
-71.6083000,-26.6795000,nan
-78.2016000,-27.9007000,nan
-68.8858000,-32.5538000,nan
-64.3588000,-12.4759000,nan
67.4843000,-18.3330000,nan
-160.3420000,136.2660000,nan
-61.0301000,-31.6190000,nan
-127.3190000,32.3770000,nan
-49.7428000,-43.5272000,nan
-90.6805000,-5.4802200,nan
-79.7599000,-59.7428000,nan
-52.8523000,-70.4027000,nan
-88.4325000,-22.7987000,nan
-89.1447000,18.8979000,nan
-167.3340000,-50.5926000,nan
-76.7504000,-44.4737000,nan
-138.0530000,98.9530000,nan
-81.9907000,112.5250000,nan
-67.6685000,-24.3658000,nan
-63.2812000,-47.9975000,nan
-96.8727000,-24.2363000,nan
-58.4139000,-30.7446000,nan
-147.7100000,34.8499000,nan
-118.5040000,124.4350000,nan
-76.1884000,-12.1492000,nan
-91.2376000,-12.1433000,nan
-79.6359000,-55.3517000,nan
-168.0580000,146.4550000,nan
-58.6487000,153.4930000,nan
-57.0805000,-30.1814000,nan
-58.9916000,-16.5514000,nan
-107.2330000,130.0990000,nan
-96.8846000,9.4476800,nan
-88.9019000,-33.2889000,nan
-65.0861000,-29.2983000,nan
-66.4592000,-45.4765000,nan
-70.4118000,-28.3136000,nan
-55.2980000,-25.8487000,nan
-100.6040000,-46.3919000,nan
-69.0714000,-37.2871000,nan
-64.9475000,-22.4004000,nan
-86.4882000,-42.1498000,nan
-62.3906000,-34.6378000,nan
-64.3999000,-39.7667000,nan
107.6170000,-43.9039000,nan
150.7620000,142.8840000,nan
-75.6403000,-15.9801000,nan
-123.9530000,8.7026100,nan
-59.6817000,-47.1032000,nan
-74.8330000,-15.9813000,nan
-71.2327000,-47.7632000,nan
-67.1276000,-56.4918000,nan
-94.7856000,-18.4371000,nan
-123.0510000,-1.7576000,nan
-125.3870000,-60.4440000,nan
-69.7721000,-52.1028000,nan
-99.7022000,162.8440000,nan
-132.2480000,109.5480000,nan
-81.7268000,-18.3791000,nan
-67.5871000,-47.6856000,nan
-94.4722000,-8.9720500,nan
-71.5088000,-42.2594000,nan
-116.5480000,-5.3647300,nan
-73.3875000,121.8430000,nan
-61.2015000,-13.3366000,nan
-84.8602000,-3.1509000,nan
-97.9491000,-41.1263000,nan
-162.6240000,153.1280000,nan
-72.4655000,141.9050000,nan
-60.2918000,-25.3184000,nan
-65.8492000,4.5034900,nan
-129.4880000,141.8440000,nan
-125.3140000,-12.3400000,nan
-38.2078000,-57.9502000,nan
-69.1701000,-32.0071000,nan
-67.6769000,-53.9243000,nan
-65.8106000,-52.3447000,nan
-47.7631000,-52.8415000,nan
-62.4671000,-54.5107000,nan
-48.8801000,-49.9941000,nan
-64.1311000,-27.1157000,nan
-68.1280000,-37.0423000,nan
-88.9956000,-20.1973000,nan
-81.5040000,-18.0343000,nan
109.4440000,-68.4171000,nan
172.8900000,173.7830000,nan
-91.6748000,-46.6774000,nan
-106.1700000,-7.7815100,nan
-44.2584000,-32.7322000,nan
-82.9208000,-16.2675000,nan
-81.5661000,-27.3778000,nan
-82.7134000,-67.9224000,nan
-76.6424000,-15.7522000,nan
-123.2010000,19.1358000,nan
-148.1020000,-80.3661000,nan
-57.4954000,-35.2377000,nan
-139.7780000,127.1960000,nan
-119.1760000,138.7990000,nan
-94.2351000,-5.3472900,nan
-85.1208000,-25.8476000,nan
-93.0587000,-18.0645000,nan
-69.1056000,-30.0289000,nan
-130.9370000,17.7383000,nan
-106.0020000,143.6830000,nan
-90.2966000,-4.8767100,nan
-84.7037000,-4.8607700,nan
-121.2350000,-41.3202000,nan
-151.1070000,158.0220000,nan
-50.7783000,136.9360000,nan
-67.0471000,-16.9784000,nan
-61.7477000,-35.4084000,nan
-83.0368000,139.3180000,nan
-133.4140000,-24.0924000,nan
-56.0460000,-36.0528000,nan
-64.4306000,-47.4192000,nan
-60.1592000,-46.1369000,nan
-61.9523000,-42.7386000,nan
-57.5317000,-35.2333000,nan
-78.0499000,-18.6737000,nan
-77.9357000,-34.5897000,nan
-59.8118000,-39.2383000,nan
-78.9446000,-20.7275000,nan
-89.2305000,-24.6034000,nan
-84.9115000,-21.2983000,nan
90.7106000,39.8485000,nan
104.2250000,149.9080000,nan
-67.1518000,-27.5196000,nan
-120.6710000,8.8655700,nan
-62.7645000,-63.2644000,nan
-70.7683000,-12.3408000,nan
-73.7647000,-46.3080000,nan
-64.8640000,-58.0552000,nan
-93.1767000,121.3730000,nan
90.3524000,-36.4696000,nan
-85.2191000,-81.1142000,nan
-77.6815000,-40.8767000,nan
-123.6280000,147.5380000,nan
-131.2350000,166.8150000,nan
-61.1241000,-21.2960000,nan
-80.8443000,-28.4530000,nan
-109.4790000,-17.6145000,nan
-61.5312000,-31.2061000,nan
-98.6350000,-19.2671000,nan
-64.2005000,134.7380000,nan
-87.3604000,-17.1490000,nan
-70.4336000,-19.2313000,nan
-82.0330000,-56.6546000,nan
-150.2630000,162.7100000,nan
-66.3753000,160.2540000,nan
-78.8707000,-9.7399900,nan
-65.1113000,-8.9755200,nan
-126.7850000,117.7090000,nan
-119.9240000,18.3381000,nan
-53.9776000,-49.2235000,nan
-52.6135000,-54.9927000,nan
-42.1484000,-62.6288000,nan
-75.0904000,-22.5117000,nan
-81.5921000,-59.4722000,nan
-53.9961000,-28.2141000,nan
-57.1066000,-41.0182000,nan
-70.9137000,-24.3481000,nan
-84.6710000,-26.0602000,nan
-83.6524000,-11.9246000,nan
-105.9130000,-14.6609000,nan
74.3330000,47.8883000,nan
118.8570000,165.4070000,nan
-93.0539000,-34.2836000,nan
-108.2650000,2.0556100,nan
-63.2936000,-29.8869000,nan
-67.4089000,-38.9633000,nan
-69.2351000,-53.8514000,nan
-49.9738000,-55.2138000,nan
-94.1663000,112.3430000,nan
110.6120000,-31.9752000,nan
-114.4100000,-66.8113000,nan
-83.5417000,-41.0827000,nan
-105.7380000,118.5770000,nan
-128.3320000,170.8560000,nan
